abstract 简报,title 标题,keywords 关键词,read_count 阅读量,share_count 分享数量,ban_comment 可评论,publish_time 推送时间,share_url url 链接,user_info_name 用户名,user_id 用户 id,description 用户描述,user_verified 官方账号,time 抓取时间,category 频道
“当多数人享受咖啡的方式已经从排队购买，转向在线定制、立等可取乃至送货上门时，依然只执着于门店场景端的建设，显然不太符合消费发展的诉求，数字化、人工智能、区块链、大数据、云计算、边缘计算等新技术迅速推动下，正在倒逼企业进行数字化转型。,曹仰锋：企业转型的中心是为用户创造价值,,21,0,0,2019-12-13 13:45:12,http://m.toutiao.com/group/6769795796939309581/?app=news_article&is_hit_share_recommend=0,澎湃新闻,51045089537,专注时政与思想的媒体开放平台,True,2019-12-13 14:41:36,news_tech
据金融监管部门和中国互联网金融协会监测发现，近期一些不法分子打着区块链旗号大肆炒作“虚拟货币”，ICO与“虚拟货币”交易活动在境内有死灰复燃迹象。,互金协会：谨慎判断以区块链名义进行的ICO与“虚拟货币”交易活动,,15,0,0,2019-12-13 13:26:38,http://m.toutiao.com/group/6769791011955671559/?app=news_article&is_hit_share_recommend=0,界面新闻,52857496566,中国高素质人群聚集的新闻及商业社交客户端，拒绝提供低俗新闻。,True,2019-12-13 14:41:36,news_tech
"12月12日,以“移触技发”为主题的2019TMA移动营销峰会在广州隆重举行,近千名广告主、营销领域精英、行业专家汇聚一堂,分享移动营销前沿价值。在当晚举办的第6届TMA移动营销大奖颁奖典礼上,360智慧商业获得10项大奖。",捷报来袭！360智慧商业揽获TMA十项大奖,,16,0,0,2019-12-13 11:06:48,http://m.toutiao.com/a6769754976748044803/?app=news_article&is_hit_share_recommend=0,站长之家,3851872836,站长之家您提供新的站长资讯，创业信息，业界动态及行业趋势！,False,2019-12-13 14:41:36,news_tech
IT之家12月13日消息 昨晚币圈知名人物包括波场创始人孙宇晨、币安联合创始人何一微博均被封禁，孙宇晨微博显示，该账号因被投诉违反法律法规和《微博社区公约》的相关规定，现已无法查看。此前，波场与币安官方微博也被关闭。,孙宇晨新微博帐号被封，开通不足12小时,,226,0,0,2019-12-13 11:14:03,http://m.toutiao.com/a6769756846048674317/?app=news_article&is_hit_share_recommend=0,IT之家,3353880530,IT之家：爱科技，爱这里。,True,2019-12-13 14:41:36,news_tech
华夏时报（chinatimes.net.cn）记者于玉金 北京报道对在线少儿英语赛道来说，2019年注定是跌宕起伏的一年。一边是，51talk2019Q3实现一对一业务首次盈利，VIPKID于10月8日确认获得腾讯领投的1.,在线少儿英语赛道加速洗牌 伴鱼创始人黄河透露已获数千万美元C轮融资,,31,1,0,2019-12-13 13:36:47,http://m.toutiao.com/group/6769793626638647819/?app=news_article&is_hit_share_recommend=0,华夏时报,3182162705,华夏时报以思想创造价值为理念，内容以深度调查和专业评论为主,True,2019-12-13 14:41:36,news_tech
张胜华站在科目二的模拟场地，在冷冽的风中焦急地观察着在场学员的模拟状态，基本上每半个月他就要带一批学生到金堂考场，进行科目二和科目三的考试，而每次代考则是他一周中最轻松的时刻。他有一个微信群，群里都是自己的学员。,硬科技创业 | 自动驾驶，为科目二找到了一个好老师,,46,0,0,2019-12-12 17:46:31,http://m.toutiao.com/a6769486897916936715/?app=news_article&article_category=automobile&is_hit_share_recommend=0,天虎科技,6351832801,科技深度媒体，独到视角聚焦TMT行业的科技发展、创新、创业,False,2019-12-13 14:41:36,news_tech
我们这一代人的生活，变化实在是太快了。拨号上网仿佛还在昨天，今天就要迎来5G时代了。那么，5G到底是个啥？对我们又有啥好处？1什么叫5G？5G的G是英文Generation的缩写，也就是“世代”的意思。,什么是5G？看这个就够了！,,147,0,0,2019-12-13 13:18:09,http://m.toutiao.com/a6769788823481090573/?app=news_article&is_hit_share_recommend=0,岱山检察,6025856728,浙江省舟山市岱山县检察院,True,2019-12-13 14:41:36,news_tech
[PConline资讯]12月13日消息，据天凤国际分析师郭明Z报道，苹果可能自 2020 年下半年停止支付NRE，也就是金属中框和机壳厂商一次性工程费用，以降低开发成本。,5G iPhone售价不会大幅提高，苹果要把成本转移给供应链,,24,0,0,2019-12-13 11:01:28,http://m.toutiao.com/group/6769753603113484808/?app=news_article&is_hit_share_recommend=0,太平洋电脑网,3389144301,"太平洋电脑网于1999年正式推出,致力为国内IT企业与终端用户提供全面、权威、专业的IT资讯服务。",True,2019-12-13 14:41:36,news_tech
登顶全球第一！ofo推出首款物联网智能锁，用户体验升级行业,登顶全球第一！ofo推出首款物联网智能锁，用户体验升级行业,,20,0,0,2019-12-13 11:05:54,https://m.toutiaoimg.com/a6769456557458457099/?app=news_article&is_hit_share_recommend=0,浙商面对面,3399335950691389,浙江电视台经济生活频道《风云浙商面对面》栏目,True,2019-12-13 14:41:36,news_tech
文 | 凯蒂・希尔编辑 | 李成章因为每家公司都不得不在一定程度上接受科技，我们正看到这个趋势已经反映在这些高增长的工作岗位上摄影 |《巴伦》Andras Vas12月10日，职场社交平台LinkedIn发布了年度“新兴职业”榜单，列出了从2015年到今年就业增长率最高的职位。,年度十大新兴工作，人工智能排第一,,104,2,0,2019-12-13 10:49:01,http://m.toutiao.com/a6769750392688345603/?app=news_article&is_hit_share_recommend=0,巴伦周刊,96471630248,投美股，看巴伦。《巴伦》1921年创刊，深受全球投资者青睐。,True,2019-12-13 14:41:36,news_tech
比亚迪签约荷兰纯电动大巴项目国际商报报道，近日，中国新能源汽车企业比亚迪与欧洲公共交通运营商凯奥雷斯荷兰分公司正式签署合作协议，宣布中标荷兰259台纯电动大巴订单生成。,比亚迪签约荷兰纯电动大巴项目 | 20191212要闻,,27,0,0,2019-12-13 04:00:56,http://m.toutiao.com/group/6769645231760474632/?app=news_article&article_category=automobile&is_hit_share_recommend=0,南方能源观察,51865766278,中国领先的能源战略媒体,False,2019-12-13 14:41:36,news_tech
“家庭教育是学校教育与社会教育的基础，家长是孩子最好的老师。”12月12日，腾讯家长学校启动仪式在腾讯总部大楼多功能厅举行，作为腾讯家长学校名誉校长，腾讯高级执行副总裁、云与智慧产业事业群总裁汤道生如此阐释家庭教育的重要性。启动仪式上，腾讯教育与中国家庭教育学会签署战略合作协议。,腾讯家长学校正式启动 科技助力亲子共同成长,,15,0,0,2019-12-13 12:36:53,http://m.toutiao.com/group/6769778191427961351/?app=news_article&is_hit_share_recommend=0,中国网,3350881978,中国网，呈现一个真实的中国,True,2019-12-13 14:41:36,news_tech
"老人助步器和拐杖都使不了,装修设计师遭遇挑战,悬浮拐杖靠谱吗?",老人行动不便视力差，设计师决定开发悬浮拐杖，解决行走问题,,8,0,0,2019-12-13 13:22:26,https://m.toutiaoimg.com/a6769789925601575436/?app=news_article&is_hit_share_recommend=0,北京卫视季播带,103440179143,本头条号聚集北京卫视最精彩内容，供大家分享与交流。,True,2019-12-13 14:41:36,news_tech
近日，爱驰汽车与汽车电商平台苏宁汽车、车享达成战略合作伙伴关系，整合各方优势资源，在品牌传播与营销、流量运营、客群转化、汽车金融等领域进行合作，推动线上线下一体化进程。此外，爱驰汽车在“双十二”期间强势入驻苏宁汽车与车享两大平台，再度发力新零售领域。,牵手苏宁汽车、车享，爱驰汽车新零售赛道再发力,,30,0,0,2019-12-13 09:45:46,http://m.toutiao.com/group/6769734092473762317/?app=news_article&article_category=automobile&is_hit_share_recommend=0,新华网客户端,4377795668,引领品质阅读，让新闻离你更近！,True,2019-12-13 14:41:36,news_tech
据科技媒体“The Verge”12月12日报道，三星电子总裁孙英权（Young Sohn）周四在柏林举行的一场活动中透露，Galaxy Fold的销量已经达到100万部。Galaxy Fold已于11月8日在中国区正式发售，售价15999元但不支持5G网络。,华为三星折叠屏手机销售火爆，机构：柔性屏企业长期受益,,54,1,0,2019-12-13 11:59:27,http://m.toutiao.com/group/6769768544960774664/?app=news_article&is_hit_share_recommend=0,第一财经,5431132532,第一财经 专业创造价值,True,2019-12-13 14:41:36,news_tech
据金融监管部门和中国互联网金融协会监测发现，近期一些不法分子打着区块链旗号大肆炒作“虚拟货币”，ICO与“虚拟货币”交易活动在境内有死灰复燃迹象。,互金协会提示会员不得参与任何涉及ICO和“虚拟货币”交易活动炒作,,704,4,0,2019-12-13 13:06:47,http://m.toutiao.com/group/6769785894443418119/?app=news_article&is_hit_share_recommend=0,金融界,3815887397,一站式互联网投资理财平台。,True,2019-12-13 14:41:36,news_tech
据外媒报道，美国当地时间周四，经纪公司瑞士信贷（Credit Suisse）表示，苹果公司11月份在中国的iPhone出货量同比下降35％，这是苹果手机出货量在中国市场连续第二次出现两位数下滑，原因是价格较低的iPhone 11销量仍然低迷。,双11也挽救不了的滑铁卢！iPhone上月在华出货量下降35%,,96,0,0,2019-12-13 10:03:51,http://m.toutiao.com/group/6769738754526544398/?app=news_article&is_hit_share_recommend=0,金融界,3815887397,一站式互联网投资理财平台。,True,2019-12-13 14:41:36,news_tech
上个月，微软HoloLens 2正式发售。作为HoloLens AR头显系列的第二代产品，这款产品不仅价格比第一代更高，其性能、外形设计、功能、界面等也得到了大幅提升。,人体工学典范，微软HoloLens 2设计细节大曝光,,604,2,0,2019-12-12 19:39:05,http://m.toutiao.com/a6769515903026463236/?app=news_article&is_hit_share_recommend=0,青亭网,6087863557,青亭网--链接科技前沿，服务商业创新,True,2019-12-13 14:41:36,news_tech
iPhone X内存不足卡机，iTunes刷机奇葩报错35，主板免分层完美修复，从此彻底告别卡顿,手机内存不足导致iPhone X卡死，刷机奇葩报错35，你遇到过吗？,,121,0,0,2019-12-13 11:10:03,https://m.toutiaoimg.com/a6769755383956242947/?app=news_article&is_hit_share_recommend=0,迅维手机快修,6094381744,手机芯片级维修专业服务商,True,2019-12-13 14:41:36,news_tech
12月13日消息，有利网与京东物流达成战略合作，双方将依托各自在金融、物流、供应链管理上的优势，共同服务物流全产业链。此次战略合作也是双方多层次合作的第一步，未来有望在资本、生态拓展等方面携手共进。,有利网与京东物流达成战略合作 共同拓展物流全产业链,,7,0,0,2019-12-13 13:24:04,http://m.toutiao.com/group/6769790348794266126/?app=news_article&is_hit_share_recommend=0,同花顺财经,3475422963,股票金融信息资讯专家 微信号：ths518,True,2019-12-13 14:41:36,news_tech
经过一整天的买买买，今天上午，小米公布双12战绩。多款产品销量创下新高，除了小米自家商城之外，在京东、天猫、苏宁三大电商平台收获满满。其中，小米商城65英寸及以上大屏电视销量突破1.5万台，米家扫拖一体机器人，销售额突破1千万元。小米巨能写中性笔销量突破2万支。,小米公布双12战绩：天猫/京东/苏宁拿下一大波冠军,,126,0,0,2019-12-13 12:03:16,http://m.toutiao.com/group/6769769526004285966/?app=news_article&is_hit_share_recommend=0,同花顺财经,3475422963,股票金融信息资讯专家 微信号：ths518,True,2019-12-13 14:41:39,news_tech
全球第一个外教机器人诞生，它可辅导孩子写作业等作用，无比好用,全球第一个外教机器人诞生，它可辅导孩子写作业等作用，无比好用,,5,0,0,2019-12-13 11:11:25,https://m.toutiaoimg.com/a6769451480547066376/?app=news_article&is_hit_share_recommend=0,浙商面对面,3399335950691389,浙江电视台经济生活频道《风云浙商面对面》栏目,True,2019-12-13 14:41:39,news_tech
当地时间11日，德国三大电信运营商之一Telefonica宣布了一项重大投资计划，Telefonica表示将在未来几年内扩大网络建设。据了解，目前该运营商使用的设备来自诺基亚和华为，并计划在建设5G网络时继续借助诺基亚和华为的技术。,德国电信运营商宣布将采用华为设备建设5G网络,,18,0,0,2019-12-13 10:53:51,http://m.toutiao.com/group/6769751637708767755/?app=news_article&is_hit_share_recommend=0,新华网客户端,4377795668,引领品质阅读，让新闻离你更近！,True,2019-12-13 14:41:39,news_tech
近日，北京市海淀区市场监督管理局对百度运营主体“北京百度网讯科技有限公司”做出行政处罚。因未核对广告内容，发布了内容不符的广告，百度被处以罚款30000元。处罚决定书显示，“北京百度网讯科技有限公司”主要经营互联网搜索业务，官网为www.baidu.com。,因发布内容不符广告，搜索引擎被罚款30000元,,179,1,0,2019-12-13 09:54:35,http://m.toutiao.com/group/6769736367464251917/?app=news_article&is_hit_share_recommend=0,红星新闻,4085395345,成都传媒集团旗下的新媒体平台,True,2019-12-13 14:41:39,news_tech
[PConline资讯]一觉醒来，孙哥微博怎么没了？我还等着他送钱呢！据报道，波场创始人孙宇晨和币安联合创始人何一的微博账号疑似被关闭，相关页面显示该账号因被投诉违反法律法规和《微博社区公约》的相关规定，现已无法查看。,孙宇晨微博被封，这次是内部炒作还是商业互捧？,,8,0,0,2019-12-13 10:40:45,http://m.toutiao.com/group/6769748265060532743/?app=news_article&is_hit_share_recommend=0,太平洋电脑网,3389144301,"太平洋电脑网于1999年正式推出,致力为国内IT企业与终端用户提供全面、权威、专业的IT资讯服务。",True,2019-12-13 14:41:39,news_tech
来源：北京商报自出现以来便频受争议的移动电影院，近段时间正在VR上频频布局。记者发现，移动电影院与华为合作的VR眼镜现已开启预售，并计划在12月19日首销，而此前移动电影院还与大朋、小宅、创维、Pico、HTC Vive等多个硬件厂商展开合作，同时还将业务延伸至海外。,频频牵手硬件厂商 移动电影院的VR图谋,,21,0,0,2019-12-13 09:14:42,http://m.toutiao.com/group/6769726087611023886/?app=news_article&is_hit_share_recommend=0,中国经济网,50502346296,中国经济网，传递有价值的信息,True,2019-12-13 14:41:39,news_tech
瞄准高质量发展，广东制造业不断刷新着纪录。28.5秒――东莞华为南方工厂，华为P30手机“出生地”。从一块电路板“变身”一台手机，要经历什么？主板就要装配1300多颗元器件，还有各种测试，包括“11.5小时的老化测试”的严苛考验。虽然工序复杂，但一条生产线每28.,“广东制造”提升科技含量,,88,2,0,2019-12-13 08:48:25,http://m.toutiao.com/group/6769719315584254477/?app=news_article&is_hit_share_recommend=0,国际在线,3528285997,国际在线于1998年12月26日正式发布，是由中国国际广播电台主办的国家重点新闻网站，通过61种语言对全球进行传播，是全球语言种类最多、传播地域最广、影响人群最大的多语种、多应用、多终端的网站集群。,True,2019-12-13 14:41:39,news_tech
地图导航可能是当代人生活中最必需的工具之一，而各大地图APP也是各有所长，让人难以抉择，这几年为了吸引用户，不少地图APP都选择推出了自己的明星语音导航包。前段时间，淘宝直播达人李佳琦就透露了自己去录语音导航的趣事，并表示抢先版双12就会上线高德地图，不少粉丝表示十分期待。,李佳琦语音导航已经上线，你会考虑用吗？,,61,1,0,2019-12-12 16:34:11,http://m.toutiao.com/a6769468213227946507/?app=news_article&is_hit_share_recommend=0,电脑报,3624229062,中国发行量第一的计算机报，IT原创知识及科技资讯，内容专业！,True,2019-12-13 14:41:39,news_tech
中国网科技12月13日讯 昨日，百度正式对外发布小度在家智能屏X8，让智能音箱再升级。在硬件层面，小度在家智能屏X8更加纤薄、简约。,百度发布新款小度在家智能屏X8 重新定义AI智能音箱,,15,0,0,2019-12-13 10:24:00,http://m.toutiao.com/group/6769743945523003911/?app=news_article&is_hit_share_recommend=0,中国网科技,50085785497,关注科技企业、企业家和产品报道与传播的专业互联网平台。,True,2019-12-13 14:41:39,news_tech
被华为踢出供应链之后，这个代工巨头有多惨？,被华为踢出供应链之后，这个代工巨头有多惨？,,877,32,0,2019-12-12 20:30:00,https://m.toutiaoimg.com/a6769492271386591751/?app=news_article&is_hit_share_recommend=0,众创思维创业社群,58998940299,打造百万人创业社群，为创业者服务。,True,2019-12-13 14:41:39,news_tech
扬眉吐气！我国14nm芯片正式量产，将争夺65%的芯片市场！,扬眉吐气！我国14nm芯片正式量产，将争夺65%的芯片市场！,,2108,6,0,2019-12-12 21:00:00,https://m.toutiaoimg.com/a6769492310599139851/?app=news_article&is_hit_share_recommend=0,众创思维创业社群,58998940299,打造百万人创业社群，为创业者服务。,True,2019-12-13 14:41:39,news_tech
作为小米首款量子点电视，首小米电视5 Pro 55英寸版会给我们带来什么样的体验，我们一起来看看吧,【ZNDS测评】年轻人的第一台量子点电视，小米电视5 Pro开箱评测,,509,0,0,2019-12-12 11:32:08,https://m.toutiaoimg.com/a6769390416950198797/?app=news_article&is_hit_share_recommend=0,ZNDS智能电视网,4104457526,专注推动智能电视发展，畅享未来智能客厅生活！,True,2019-12-13 14:41:39,news_tech
最近，网络作家陈虹焱的写作习惯发生了一个变化：每完成一部分文稿的创作，除了保存作品内容，她还会将文稿信息上传至一条看不见、摸不着的数据链中，为自己的无形产权加一把“锁”。这条“司法区块链”的技术平台，是由杭州互联网法院搭建的。,关注|区块链在这些生活场景中悄然落地了......,,213,0,0,2019-12-13 10:46:56,http://m.toutiao.com/group/6769749855477694984/?app=news_article&is_hit_share_recommend=0,女性之声,5534997883,中华全国妇女联合会官方头条号,True,2019-12-13 14:41:39,news_tech
照片中含有详细信息，网络专家：拍照前可以提前设置一下！,拍照将隐私信息也暴露？网络专家教你如何设置保护隐私,,0,0,0,2019-12-13 11:54:30,https://m.toutiaoimg.com/a6769566573163184651/?app=news_article&is_hit_share_recommend=0,福建新闻频道,6646545986,中国大陆第一家专业新闻频道。,True,2019-12-13 14:41:39,news_tech
2019年12月9日凌晨，正值双十二前夕，社交电商拼购平台淘集集发布公告，称其由于资金未能如期到账，不得不宣布淘集集本轮并购重组失败，接下来公司将寻求破产清算或破产重整。这家曾称拥有1.3亿用户的“翻版拼多多”在挣扎数月之后，终无力回天，到了灯尽油枯的时候。,淘集集灯尽油枯宣布破产，曾拥有破亿用户，现举债16亿,,63,3,0,2019-12-13 12:21:19,http://m.toutiao.com/group/6769774178615689736/?app=news_article&is_hit_share_recommend=0,乐居财经,5580031421,专注于泛地产行业的的政策、金融、市场、企业类新闻。,True,2019-12-13 14:41:39,news_tech
2019 年 12 月 12 日，智能穿戴领域领军企业华米科技（NYSE:HMI）通过官方微博正式宣布，将于 2020 年 1 月 7 日在美国拉斯维加斯举办 CES 2020 Amazfit 全球新品发布会。,突破可穿戴边界！华米科技Amazfit将于CES 2020发布全新品类新品,,42,0,0,2019-12-13 10:38:39,http://m.toutiao.com/group/6769747721961079310/?app=news_article&is_hit_share_recommend=0,深圳湾,5797427381,深圳湾（ShenzhenWare)关注软件、硬件、以及软硬件结合的生态系统,False,2019-12-13 14:41:39,news_tech
肇庆大力实施工业发展“366”工程在全力打造的三大千亿主导产业集群中，新能源汽车产业走在最前。肇庆，这些产业迅速崛起▲ 高新区4家新能源汽车整车企业肇庆融入粤港澳大湾区发展成效显著，主导产业发展步伐不断加快。,肇庆，粤港澳大湾区崛起的一座产业新城,,568,3,0,2019-12-12 20:53:24,http://m.toutiao.com/a6769535056273736199/?app=news_article&is_hit_share_recommend=0,肇庆西江网,4104617544,这里有最实用的资讯，有肇庆本地最热的话题，最受关注的焦点，快来关注吧。,False,2019-12-13 14:41:39,news_tech
12月9日，阿里云智能在杭州阿里巴巴总部举行“2019水泥智能化创新研讨会”，会议以“大数据、云计算、人工智能”在水泥行业中的应用为主题展开讨论，中国水泥网董事长邵俊应邀参加了本次会议并作重要发言。当前，随着现代信息技术的发展，工业互联网及人工智能技术正在改变水泥行业传统生态。,邵俊：水泥行业智能化应该围绕三个方面进行,,32,0,0,2019-12-12 14:13:44,http://m.toutiao.com/group/6769432063301911047/?app=news_article&is_hit_share_recommend=0,同花顺财经,3475422963,股票金融信息资讯专家 微信号：ths518,True,2019-12-13 14:41:39,news_tech
这里说的神经网络系统可不是大脑的神经网络系统，是计算机模拟大脑神经网络发展的系统，是“人工智能”领域的技术之一，现在看来已经占据较为主导的地位。这些系统能够识人脸、看图片、接收声音指令、识别交通信号……还有更多正在开发的用途。到底什么是神经网络系统呢?这个行业的规模到底有多大?,什么是神经网络系统？,,249,17,0,2019-12-11 20:13:13,http://m.toutiao.com/a6769153615920628231/?app=news_article&is_hit_share_recommend=0,环球解密之未解之谜,51240258369,中国乃至世界未解之谜大全。,True,2019-12-13 14:41:39,news_tech
很多故事都会讲述主人公如何克服贫苦艰难最后成功逆袭，或者主人公一出生就有主角光环，含着金钥匙，有着极其优越的成长环境，但事实上大多数故事的开端都平淡无奇、并无传奇色彩，现任谷歌帝国的掌舵人桑达・皮查伊就是这样。,身价千亿美元创始人双双卸任，新任印度裔CEO如何掌控谷歌帝,,49,0,0,2019-12-12 20:23:32,http://m.toutiao.com/a6769527357561635331/?app=news_article&is_hit_share_recommend=0,人人贷财富,5841957602,九年老平台，专业不负信赖,True,2019-12-13 14:41:39,news_tech
根据集邦咨询半导体研究中心(DRAMeXchange)调查显示，在当前各家厂商库存数量下跌，加上资料中心需求持续强劲，以及2020年第1季5G手机市场对于DRAM需求扩大的情况下，近3个月连续走跌的DRAM价格已经触底反弹。,2020年5G手机及资料中心需求提升 DRAM现货价格触底反弹,,10,0,0,2019-12-13 13:49:26,http://m.toutiao.com/a6769796885679964685/?app=news_article&is_hit_share_recommend=0,全球半导体观察,3181723014,半导体产业最权威的研究机构，专注于半导体、DRAM、NAND Flash、SSD、平板手机等产业。,True,2019-12-13 14:41:42,news_tech
原标题：Waymo收购牛津大学衍生创企为自动驾驶汽车训练加入模仿学习据外媒报道，Waymo一天24小时运行1万辆模拟车，记录了超过100亿英里的计算机模拟里程。不过，现在Waymo在学习环境中增加了一个新工具，以模仿人类行为。,Waymo收购牛津大学衍生创企 为自动驾驶汽车训练加入模仿学习,,1,0,0,2019-12-13 13:44:39,http://m.toutiao.com/group/6769795655515767309/?app=news_article&article_category=automobile&is_hit_share_recommend=0,同花顺财经,3475422963,股票金融信息资讯专家 微信号：ths518,True,2019-12-13 14:41:42,news_tech
自iPhone 11系列发布以来，虽遭到了消费者嘴上的嫌弃，但却迎来了实实在在的热卖。在近一段时间，我们经常性地看到iPhone 拿下各种销量冠军，而也有外媒报道称iPhone 手机在国内的出货量已超过1000万台。,降价也没用，11月iPhone在中国出货量暴跌35%，iPhone 11不香了？,,2017,1,0,2019-12-13 11:25:08,http://m.toutiao.com/a6769759699333022212/?app=news_article&is_hit_share_recommend=0,Tech情报局,63844477009,Tech情报局以严肃认真的态度聊一聊科技界不严肃的事儿。,True,2019-12-13 14:41:42,news_tech
文/东方亦落在近日举行的中国家居业重塑产业链价值体系大会上，董明珠对于美的和小米再次开喷，称双方的合作为“小偷加小偷”。董明珠怼这两家企业不是一次了，从十亿赌约到偷人技术，在董明珠的口中，小米和美的变得一无是处，而此次铁娘子的强悍性格再次爆发，再次“炮轰”小米和美的。,董明珠又指小米和美的是“小偷”，言论过火或源于“恐惧”,,62,0,0,2019-12-13 13:17:04,http://m.toutiao.com/a6769768895080301068/?app=news_article&is_hit_share_recommend=0,最极客,5383868111,国内首家关注前沿科技与极客文化的新媒体，可能是最具极客精神的创业团队，最大的极客社群。,False,2019-12-13 14:41:42,news_tech
12月11日，二三里资讯刊发一篇名为：家里没人无故多出19元的移动宽带资费，连着收了７个月市民才发现，此篇文章引起了很多市民的关注。12月12日下午，李女士称刚刚从移动公司回来，给她的事情解决了，目前处理结果如下：本金全部退还171元直接充值成话费，三倍赔偿金513元现金。,追踪：移动每月无故扣19元资费，用户：本金退还三倍赔偿,,528,0,0,2019-12-13 09:54:19,http://m.toutiao.com/a6769736295825539598/?app=news_article&is_hit_share_recommend=0,二三里资讯宝鸡,6086261599,华商传媒集团旗下二三里资讯宝鸡官方频道,True,2019-12-13 14:41:42,news_tech
2011年1月21日，微信诞生，很快就将迎来它9岁的生日。2014年开始，每年12月或次年的1月，微信公开课PRO版又都会如期而至。很多人会关注微信下一个动作在哪里？现在腾讯官方带来了微信9年的盘点，回顾过去发现微信都走过了哪些路。,腾讯官方盘点微信9年，下一个动作在哪里？,,34,2,0,2019-12-13 13:18:49,http://m.toutiao.com/a6769788998186435075/?app=news_article&is_hit_share_recommend=0,IT之家,3353880530,IT之家：爱科技，爱这里。,True,2019-12-13 14:41:42,news_tech
中国商报/中国商网12月12日下午，第四届世界区块链创新大会暨2019“区块链+”技术发展论坛在北京友谊宾馆举办。中国商业联合会党委副书记周京英在开场致辞中表示，区块链技术应用目前已延伸到金融、物联网、智能制造、供应链管理等多个领域，目前全球主要国家都在加快布局区块链技术发展。,周京英：布局区块链技术发展意义重大,,22,0,0,2019-12-12 14:43:45,http://m.toutiao.com/group/6769439799276208648/?app=news_article&is_hit_share_recommend=0,同花顺财经,3475422963,股票金融信息资讯专家 微信号：ths518,True,2019-12-13 14:41:42,news_tech
我们新买一个手机都会下载许多的APP。现在APP的数量越来越多了，这就让我们很难发现一些良心的APP，话不多说，今天老师傅就给大家分享一波实用APP。,老师傅不小心泄露了5个良心APP，个个都是宝藏，舍不得分享,,94,3,0,2019-12-13 11:26:53,http://m.toutiao.com/a6769760153257378307/?app=news_article&is_hit_share_recommend=0,办公科技园,86200422500,提供最新最实用的办公资源，助你成为职场精英！,False,2019-12-13 14:41:42,news_tech
一瞬间这股热潮就冷了随着共享经济热度的衰退，共享汽车也走到了一个十字路口，对未来的发展也变的回归理智。近期据媒体报道，浙江省嘉兴市秀洲区万民村境内又现共享汽车“坟场”：多辆报废的共享汽车停放在田野旁，密密麻麻地铺开，场面相当“壮观”。“坟场”实际上是待拍卖的下线车。,共享汽车为何热潮褪去？不成熟的市场导致生下“早产儿”,,223,1,0,2019-12-12 17:14:59,http://m.toutiao.com/a6769478771343884813/?app=news_article&article_category=automobile&is_hit_share_recommend=0,财经下午茶,87700806137,每天下午，最丰富、最全面的综合资讯尽在财经下午茶。,False,2019-12-13 14:41:42,news_tech
静静只想说，真是成功与实力并存啊。早安，艾瑞巴蒂（手动问好），一 起来看今天的早报！【黑马高调早报】第1 516期文 | 静静更多创业内容请访问www.iheima.com今日头条1.,孙宇晨微博被关；马蜂窝被曝裁员40%；百度被行政处罚3万元：未对广告内容进行核对...,,4276,11,0,2019-12-13 09:52:42,http://m.toutiao.com/group/6769735879075299853/?app=news_article&is_hit_share_recommend=0,i黑马,3591598478,每年推火100个明星初创公司，让创业者不再孤独！,True,2019-12-13 14:41:42,news_tech
一个匿名团体在线泄漏了数十亿个电子邮件地址和纯文本密码，中国泄露最为严重，使无数互联网用户面临凭证填充和其他攻击的风险。,27亿邮件数据被泄露，中国最为严重，我们怎么保护隐私？,,49,0,0,2019-12-13 10:18:28,http://m.toutiao.com/a6769742519317053965/?app=news_article&is_hit_share_recommend=0,黑马程序员,6596588903,黑马程序员努力打造高质量的IT人才服务平台,True,2019-12-13 14:41:42,news_tech
投中网的小伙伴们早上好，12月12日晚间，波场创始人孙宇晨和币安联合创始人何一的微博账号疑似被关闭，相关页面显示该账号因被投诉违反法律法规和《微博社区公约》的相关规定，现已无法查看。对此，波场官微回应称，TRON一切安好，正在与微博沟通，会尽快沟通解决......,「投中・24H」波场回应孙宇晨微博被关；闲鱼将上线“附近的人”？,,27,0,0,2019-12-13 08:40:20,http://m.toutiao.com/group/6769717231971467787/?app=news_article&is_hit_share_recommend=0,投中网,3723048139,创新经济的智识与洞见。,True,2019-12-13 14:41:42,news_tech
近期关于2020年iPhone的配置价格等信息的爆料越来越多，12月13日，9TechEleven根据现有爆料信息制作了2020年iPhone的渲染图，其中包括iPhone SE2（iPhone 9），iPhone 12系列。,2020年iPhone再次曝光：渲染图+价格2800元起，香,,5,0,0,2019-12-13 12:22:04,http://m.toutiao.com/a6769774370488320515/?app=news_article&is_hit_share_recommend=0,泡泡网,3657894252,关注泡泡网，畅享科技生活。,True,2019-12-13 14:41:42,news_tech
据台湾地区“中央社”报道，鸿海子公司富士康创投控股出售了所持有的过半阿里巴巴股份，总金额2.72亿美元。鸿海表示，富士康创投为实现投资获利，出售了阿里巴巴133万8465股ADS，约1070万7720股普通股，交易金额每股ADS 203.82美元，总金额2.72亿美元。,鸿海出售所持过半阿里巴巴股份，进账2.72亿美元,,16505,6,0,2019-12-13 10:15:49,http://m.toutiao.com/group/6769741837759414797/?app=news_article&is_hit_share_recommend=0,36氪,3757989448,36氪中国领先的新商业媒体，提供新锐深度的商业报道。,True,2019-12-13 14:41:42,news_tech
2019年，“被不顺”了一年多的顺丰，用实力证明，它仍然一直是行业战略的引领者。在这一年里，在新业务领域，顺丰快速实现了冷运市场的行业领先，重货行业进入头部领军阵营，同城业务实现品牌独立运营。,又被“不顺”？数据告诉你真实的顺丰,,5,0,0,2019-12-13 13:14:07,http://m.toutiao.com/group/6769787786418455053/?app=news_article&is_hit_share_recommend=0,同花顺财经,3475422963,股票金融信息资讯专家 微信号：ths518,True,2019-12-13 14:41:42,news_tech
中国日报网12月13日电 瑞士瑞信银行分析师表示，由于中国消费者对于美国苹果公司生产的 iPhone的热度减退，预估 iPhone在华的销售量将会持续下滑。,业绩差！苹果在华销量连续两个月两位数下滑,,94,0,0,2019-12-13 12:33:04,http://m.toutiao.com/group/6769777205737161228/?app=news_article&is_hit_share_recommend=0,中国日报网,3430213523,《中国日报》是中国国家英文日报，创刊于1981年，全球期均发行90余万份，其中，海外期均发行60余万份。,True,2019-12-13 14:41:42,news_tech
【猎云网北京】12月12日报道12月10日，2019年度CEO峰会暨猎云网创投颁奖盛典在北京望京凯悦酒店隆重举行，近百位知名资本大咖，独角兽创始人、创业风云人物及近千位投资人与创业者共聚“新势力・2019年度CEO峰会暨猎云网创投颁奖盛典”。,睿悦信息Nibiru副总裁陈冠雄：在云、边、端三个维度中，边端中小企业发力点更多,,510,0,0,2019-12-12 17:02:02,http://m.toutiao.com/group/6769475433252520461/?app=news_article&is_hit_share_recommend=0,猎云网,3624705480,猎云网聚焦TMT领域创业创新报道，嫁接创业者与VC的桥梁。,True,2019-12-13 14:41:42,news_tech
2020年4款新iPhone售价曝光，金属中框采用全新设计,2020年4款新iPhone售价曝光，金属中框采用全新设计,,58,0,0,2019-12-12 15:11:35,https://m.toutiaoimg.com/a6769446971225670157/?app=news_article&is_hit_share_recommend=0,VDGER科技,6905774392,专注为您提供最新最好玩儿的科技资讯及数码评测(づ￣3￣)づ,True,2019-12-13 14:41:42,news_tech
5G时代到来对手机行业而言是把双刃剑，如果稍有不慎市场可能会就迎来新的洗牌，这种洗牌也意味着有些手机品牌要掉队。因此，站在制高点上拥抱5G最为关键，目前做的最好、最亲民的还要数vivo。,年末vivoX30火力全开！如今全面领跑5G，vivo到底做对了什么？,,3,0,0,2019-12-13 11:42:19,http://m.toutiao.com/a6769764126936793613/?app=news_article&is_hit_share_recommend=0,PRToday,6093193351,这是一个品牌为王的世界，我们让世界更懂您！,False,2019-12-13 14:41:42,news_tech
"“帮我砍一刀”“拼团就差你了”……爆火的拼购模式,在2019年下沉市场的兴起与消费升级中轰轰烈烈地展开,各大巨头也纷纷添砖加瓦,在这场电商江湖的拼购之争中亮出“杀手锏”。",“帮我砍一刀”“拼团就差你了”拼购模式爆火，苏宁在这场江湖之争中是如何崭露头角的？,,48,2,0,2019-12-13 11:15:51,http://m.toutiao.com/a6769757306402898444/?app=news_article&is_hit_share_recommend=0,中国食品报,6015163896,中国食品报由中国轻工业联合会主办，食品行业唯一的经济类日报。,False,2019-12-13 14:41:42,news_tech
胡润研究院今日发布“2019胡润品牌榜”，贵州茅台以6400亿品牌价值夺冠，中华以3500亿品牌价值、天猫以3200亿品牌价值位列第二、第三。淘宝、中国工商银行、微信、平安、腾讯、中国建设银行、中国移动进入前十。,2019胡润品牌榜：天猫、腾讯、中国移动进入前十，华为蝉联数码行业冠军,,968,0,0,2019-12-13 05:35:51,http://m.toutiao.com/group/6769669690403848718/?app=news_article&is_hit_share_recommend=0,成都商报TMT发布,6074285537,关注数码、通信、科技互联网、家电行业的热点事件,False,2019-12-13 14:41:46,news_tech
摘要：览富财经12月13日讯，在12月12日召开的“2019百度知识峰会”上，百度文库、百度知道总经理李小婉对外披露，百度文库文档总量已经突破6.2亿，每天响应近亿次文档搜索需求。,百度文库计划2020年投入5亿资金扶持优质创作者,,19,1,0,2019-12-13 09:20:10,http://m.toutiao.com/group/6769727496117027336/?app=news_article&is_hit_share_recommend=0,同花顺财经,3475422963,股票金融信息资讯专家 微信号：ths518,True,2019-12-13 14:41:46,news_tech
今年五一期间，用户高先生先后在美团平台上取消了上百个入驻酒店的订单，由于是在免费取消期内，高先生还通过平台获得了全额退款。没过多久，美团酒店平台服务运营商北京酷讯公司，将高先生起诉至北京朝阳法院，索赔 5.5万元。,美团起诉用户恶意刷单 一审判赔5000元,,809,5,0,2019-12-12 21:18:05,http://m.toutiao.com/a6769541417896247812/?app=news_article&is_hit_share_recommend=0,七台河检察,4636624661,“七台河检察”头条号新闻客户端是黑龙江省七台河市人民检察院设立，致力于宣传检察工作，普及法律常识。,True,2019-12-13 14:41:46,news_tech
近日，中国首颗自主研制的5G卫星正式出厂，该卫星也是全球首颗Q/V频段的低轨宽带卫星，通信能力可达到10Gbps。据了解，此5G卫星由国内商业航天企业银河航天(北京)科技有限公司研制推出，这是国内首颗由商业航天公司研制且对标国际水平的5G低轨宽带卫星。,中国首颗5G低轨宽带卫星本月发射，离“太空互联网”更进一步,,500,2,0,2019-12-12 23:07:16,http://m.toutiao.com/group/6769569552670917134/?app=news_article&is_hit_share_recommend=0,同花顺财经,3475422963,股票金融信息资讯专家 微信号：ths518,True,2019-12-13 14:41:46,news_tech
12月13日消息，据外媒9to5mac报道，近日，苹果公司为用户推送了iOS 13.3，这次的更新包括修复错误和性能改进，并且增加了一些新功能。但9to5mac表示，iOS 13.3增加的“沟通限制”功能又出现了一个bug。,苹果再次翻车！iOS 13.3新功能出问题,,604,0,0,2019-12-13 10:44:39,http://m.toutiao.com/a6769749269009138180/?app=news_article&is_hit_share_recommend=0,泡泡网,3657894252,关注泡泡网，畅享科技生活。,True,2019-12-13 14:41:46,news_tech
原标题：湖北联通推出“5G+教育”行业应用近日，湖北联通与武汉市教育局联合打造了“2019年中小学研学旅行课程开发项目”。该项目是湖北联通首个教育类5G智慧研学旅行项目，为教育行业项目拓展又树立了一个标杆。,湖北联通推出“5G+教育”行业应用,,5,0,0,2019-12-13 09:51:17,http://m.toutiao.com/group/6769735515659829768/?app=news_article&is_hit_share_recommend=0,同花顺财经,3475422963,股票金融信息资讯专家 微信号：ths518,True,2019-12-13 14:41:46,news_tech
截止目前，智能手机已走过了12个年头，在这漫长且短暂的12年里智能手机经历了瓶颈、达到过巅峰，但也不可避免地遭遇了行业增速放缓的低迷周期。,最新手机线上份额排名：小米严重下滑，华为、荣耀总市额近50%,,1089,5,0,2019-12-12 16:32:47,http://m.toutiao.com/a6769467894997713420/?app=news_article&is_hit_share_recommend=0,Tech情报局,63844477009,Tech情报局以严肃认真的态度聊一聊科技界不严肃的事儿。,True,2019-12-13 14:41:46,news_tech
智能网联汽车从汽车的演进开始，从汽车1.0到2.0到信息机电一体化的3.0，汽车智能网联发展经历了机械化、电气化到现在的智能网联化，涉及到很重要标志。有观点提到智能网联汽车时代已经属于一个以信息物理系统为标准的4.,关注 | 如何优化智能网联汽车系统架构？,,22,1,0,2019-12-13 05:27:15,http://m.toutiao.com/group/6769667475857474062/?app=news_article&article_category=automobile&is_hit_share_recommend=0,新能源汽车报,6012307932,《新能源汽车报》由工业和信息化部主管、赛迪研究院主办。,False,2019-12-13 14:41:46,news_tech
原标题：市轨道公司开展“区块链、大数据、城轨云”专题讲座中国甘肃网12月13日讯据兰州晨报报道（记者 刘有中）为了更好地学习互联网新知识，了解业内新动态，掌握新科技带来的产业格局升级和轨道交通行业未来发展方向，近日，兰州市轨道公司邀请杭州市优城科技研究院蔡峰副院长召开专题讲座。,兰州市轨道公司开展“区块链、大数据、城轨云”专题讲座,,84,0,0,2019-12-13 09:10:09,http://m.toutiao.com/group/6769724916175471117/?app=news_article&is_hit_share_recommend=0,中国甘肃网,4493455438,全国重点新闻网站，甘肃新闻门户！,True,2019-12-13 14:41:46,news_tech
每周三期，详解人工智能产业解决方案，让AI离你更近一步。解决方案均选自机器之心Pro行业数据库。方案1：虹膜识别解决方案解决方案简介：虹膜识别技术是基于眼睛中的虹膜进行身份精准识别，应用于对身份认证安全强需求或高度保密需求的场所。,每周AI应用方案精选：虹膜识别；基于深度学习人脸识别方案等,,563,6,0,2019-12-12 17:52:41,http://m.toutiao.com/a6769488486509576716/?app=news_article&is_hit_share_recommend=0,机器之心Pro,3134187068,全球人工智能信息服务,True,2019-12-13 14:41:46,news_tech
(来源：驱动号)多年以来，大多数人眼中的OPPO是一家以营销驱动的手机公司。然而，OPPO似乎在极力摆脱这个标签。,“未来科技大会”：OPPO的又一场贴标签运动,,12,0,0,2019-12-12 18:08:19,http://m.toutiao.com/group/6769492515952263687/?app=news_article&is_hit_share_recommend=0,驱动中国,3353415821,驱动中国是国内领先的垂直科技媒体，提供及时准确的国内外IT新闻事件。,True,2019-12-13 14:41:46,news_tech
今天，“刚毕业就年薪200万”的话题冲上热搜！这到底是什么“大神”？拒绝300万年薪，选择去华为92年出生的左鹏飞是华中科技大学的14级直博毕业生，博士阶段在武汉光电国家研究中心攻读计算机科学与技术专业，11月底刚完成答辩毕业。,大学生拒绝年薪300万的工作！选择去华为，为啥,,1509,25,0,2019-12-12 15:01:23,http://m.toutiao.com/a6769444340210074115/?app=news_article&is_hit_share_recommend=0,中国教育在线,4277820491,推动教育前进的力量,True,2019-12-13 14:41:46,news_tech
亚马逊中国副总裁、亚马逊全球开店亚太区负责人戴x斐12月11日，亚马逊中国副总裁、亚马逊全球开店亚太区负责人戴x斐在规模巨大的卖家大会上毫无预兆地突然说道：“实际上，新加坡站点从今年10月起已经向个别中国卖家开放，进行试运行，并且得到了这些中国卖家的良好反馈。,亚马逊中国上“新”,,283,1,0,2019-12-12 16:43:09,http://m.toutiao.com/a6769470567041991176/?app=news_article&is_hit_share_recommend=0,商业那点事儿,6715633466,北京商报商业新闻中心官方运营号,True,2019-12-13 14:41:46,news_tech
智通财经APP获悉，富瑞发表研究报告，称深圳航天广宇工业日前出售中兴通讯(00763)母企中兴新通讯3%的股权，间接涉及中兴通讯约0.82%的股权，作价10.83亿元人民币，较中兴通讯股价溢价约6%。,富瑞：维持中兴通讯(00763)“逊于大市”评级 目标价为15.86港元,,2821,16,0,2019-12-12 16:15:24,http://m.toutiao.com/group/6769463416001135118/?app=news_article&is_hit_share_recommend=0,智通财经,5862106050,每天推送最具投资价值的港股、A股、美股资讯，让您畅享投资盛宴！,True,2019-12-13 14:41:46,news_tech
2020美国最佳雇主排行榜出炉！谷歌无缘前十亚马逊连续12年未上榜丨热公司,2020美国最佳雇主排行榜出炉！谷歌无缘前十亚马逊连续12年未上榜,,17,0,0,2019-12-12 17:53:47,https://m.toutiaoimg.com/a6769488770979856909/?app=news_article&is_hit_share_recommend=0,第一财经,5431132532,第一财经 专业创造价值,True,2019-12-13 14:41:46,news_tech
冬季来临，不少新能源车主“里程忧虑”加重。这是因为锂电池在寒冬放电能力下降，且车辆采暖耗电量巨大。我们都知道，家用空调一般大都在两三千瓦的功率，这样的功率可以给一大间屋子制冷、采暖。然而小小的车厢，其冷热风系统的功率，一般都在5千瓦至10千瓦之间。,天冷了，新能源车安个烧柴油的土暖气，这算个啥？,,1794,12,0,2019-12-13 09:50:53,http://m.toutiao.com/group/6769735412836467208/?app=news_article&article_category=automobile&is_hit_share_recommend=0,北京日报客户端,94231358279,从这里看北京，爱这座城。,True,2019-12-13 14:41:46,news_tech
9月10日，在美国加利福尼亚州丘珀蒂诺，苹果公司首席执行官库克(前排左)与嘉宾交谈。,苹果外包钟爱中国大陆？库克：我们只挑最好的,,23,0,0,2019-12-13 10:53:51,http://m.toutiao.com/group/6769751637918482955/?app=news_article&is_hit_share_recommend=0,新华网客户端,4377795668,引领品质阅读，让新闻离你更近！,True,2019-12-13 14:41:46,news_tech
我问了好多人，他们都说不知道双十一和双十二的区别。文 / 巴九灵报数不积极，思想有问题。昨天是双十二，小巴打算盘下它今年的业绩，没想到，和双十一“分秒必报”不同，双十二在G*****下的结果是：连姓名都不配拥有？再细细搜索了一番，也不是没有痕迹。,24小时后都没搜到总销售额，双十二是阿里亲生的吗？,,760,0,0,2019-12-13 08:01:00,http://m.toutiao.com/a6769640914680807944/?app=news_article&is_hit_share_recommend=0,吴晓波频道,4144384138,吴晓波频道是财经作家吴晓波带领“巴九灵”们运营的知识平台,True,2019-12-13 14:41:46,news_tech
12月12日，百度公司副总裁、百度智能生活事业群组总经理景鲲发布小度新品“小度在家智能屏X8”。景鲲认为，未来3年市场增量将主要来自有屏音箱，但是“有屏智能音箱”这个名称限制了小度在家这款产品的功能想象，“智能屏”概念则更为准确。,百度景鲲：有屏音箱是发展趋势 小度在家就是“智能屏”,,226,0,0,2019-12-12 16:24:10,http://m.toutiao.com/group/6769465676374475277/?app=news_article&is_hit_share_recommend=0,同花顺财经,3475422963,股票金融信息资讯专家 微信号：ths518,True,2019-12-13 14:41:46,news_tech
2019年7月12日，阿里巴巴集团宣布完成2019年中的新一轮组织架构调整。阿里巴巴集团CEO张勇在全员信中表示，“阿里巴巴数字经济体已经初步完成了全方位的统一作战，以及面向未来创新的组织架构升级。接下来我们将聚焦于组织的效率和活力，通人才、通策略、通技术”。,看2019阿里集团最新组织架构，回顾阿里战略变迁,,19277,346,0,2019-12-12 15:06:22,http://m.toutiao.com/a6769438626410398216/?app=news_article&is_hit_share_recommend=0,伯马遇,57555978035,聚焦互联网前沿资讯，分享科技动态,False,2019-12-13 14:41:46,news_tech
文/ 李惠琳 编辑/鄢子为最初从工具起家，专注微商城产品，到后来成为一个专业Sass商家服务商，有赞帮助商家把店开到百度、支付宝小程序上，再到现在深入直播的新浪潮。在拓宽获取和经营流量的渠道同时，有赞实现了迭代升级。,快手电商背后的有赞，如何扮演直播浪潮的辅助角色？,,24,0,0,2019-12-13 12:18:09,http://m.toutiao.com/a6769773360625746443/?app=news_article&is_hit_share_recommend=0,21世纪商业评论,3672363382,《21世纪商业评论》，新商业的敏感者。,True,2019-12-13 14:41:49,news_tech
昨日redmi官博以及小米的领导都发微博庆贺，一博代言的品牌新品双十二首卖就获得了1500―2000愿价位段单品的销售冠军，又是一次双赢局面，我们耶啵小福星实锤了。此外小米市场部总经理还单们夸赞了一博和啵丝们，排面满满，话说有猫头们换新机了吗？,191213 品牌新品双十二首卖夺得销量冠军 王一博小福星实锤,,1778,0,0,2019-12-13 12:49:16,http://m.toutiao.com/group/6769781380713808397/?app=news_article&is_hit_share_recommend=0,爱豆,4262759066,爱豆App是著名粉丝门户，提供明星新闻、行程、直播及视频。,True,2019-12-13 14:41:49,news_tech
IT之家12月13日消息 IT之家此前报道国内UOS统一操作系统官网已经上线，并发布了UOS对外测试和开放计划。,统一操作系统UOS龙芯版上线,,152,0,0,2019-12-13 12:49:33,http://m.toutiao.com/a6769781455733129739/?app=news_article&is_hit_share_recommend=0,IT之家,3353880530,IT之家：爱科技，爱这里。,True,2019-12-13 14:41:49,news_tech
本报讯（记者 蒋亦丰 通讯员 林晓莹）“讲台+课桌”的标配变成了“大屏幕+可移动桌椅”；指尖轻触讲台前的大屏，图文并茂的教程一目了然；实时编辑标注和保存功能，让教师和学生每一个交互过程“雁过留痕”……日前，浙江工商大学对部分老教室进行了智慧化升级改造，共建设了45间智慧教室和一间,浙江工商大学建45间智慧教室和一间教学可视化中心 老教室加“芯”记,,26,0,0,2019-12-13 09:13:32,http://m.toutiao.com/group/6769725788930441741/?app=news_article&is_hit_share_recommend=0,光明网,5806115967,光明网是思想理论文化领域的中央重点新闻网站，媒体融合与创新的引领者。,True,2019-12-13 14:41:49,news_tech
IT之家12月13日消息IT之家此前报道国内UOS统一操作系统官网已经上线，并发布了UOS对外测试和开放计划。,国产统一操作系统UOS龙芯版正式上线,,607,3,0,2019-12-13 12:54:11,http://m.toutiao.com/group/6769782646722527751/?app=news_article&is_hit_share_recommend=0,同花顺财经,3475422963,股票金融信息资讯专家 微信号：ths518,True,2019-12-13 14:41:49,news_tech
5G春风吹满地，抓紧买台洗衣机；虽然果粉很疯狂，华为信号就是强,苹果信号有盲区，不如买台洗衣机,,11,0,0,2019-12-13 11:52:36,https://m.toutiaoimg.com/a6769766776105337358/?app=news_article&is_hit_share_recommend=0,爽爽侃车,50037932306,可能是全国最好看的汽车评测节目,True,2019-12-13 14:41:49,news_tech
日前，中国化工电商平台摩贝向美国证券交易委员会递交招股书，拟募集资金不超过7000万美元，上市代码为“MKD”，承销商为香港尚乘集团(AMTD)、宝德证券(Boustead Securities)和复星恒利(Fosun Hani)。,化工电商摩贝赴美募资七千万美元 去年净亏损2.5亿元,,32,0,0,2019-12-13 12:58:58,http://m.toutiao.com/group/6769783882775527950/?app=news_article&is_hit_share_recommend=0,中国网,3350881978,中国网，呈现一个真实的中国,True,2019-12-13 14:41:49,news_tech
【高铁来了】（6）硬核 ！宿迁高铁站率先用上5G信号！,网速是4G十倍，宿迁高铁站率先用上5G信号！,,10,0,0,2019-12-13 12:54:26,https://m.toutiaoimg.com/a6769782714078855694/?app=news_article&is_hit_share_recommend=0,西楚网,4176167047,西楚网是由宿迁市委宣传部主管、宿迁市广播电视总台（集团）主办的宿迁地区最大的综合门户网站。,True,2019-12-13 14:41:49,news_tech
"作者 | Stephanie, Jasper, Chloe, Zayden, Vanessa, Jenny责编 | Lu 美编 | WW, Lu热议话题雀巢40亿美元卖掉包括哈根达斯在内的美国冰淇淋业务雀巢以40亿美元将其美国冰淇淋业务出售给Froneri，将包括哈根达斯在内的品",40亿美元！雀巢卖掉包括哈根达斯在内的美国冰淇淋业务,,153,1,0,2019-12-13 12:23:39,http://m.toutiao.com/a6769774780741583374/?app=news_article&is_hit_share_recommend=0,硅兔赛跑,54174622714,这里有你想知道的关于硅谷|科技|未来的深度思考。,True,2019-12-13 14:41:49,news_tech
12月6日至8日，第五届全国应用型人才综合技能大赛总决赛在海南大学隆重举行，大赛由中国国际经济技术合作促进会、世界职业教育大会暨展览会组委会主办。,山西工程技术学院正式签约成为阿里巴巴电商设计平台“室内设计创新型人才培养基地”,,82,0,0,2019-12-13 10:29:45,http://m.toutiao.com/a6769745429056717323/?app=news_article&is_hit_share_recommend=0,山青号外,4302251980,与青年同行 与时代共进,True,2019-12-13 14:41:49,news_tech
13日午间，多家上市公司发布午间公告。德威新材携手合肥工大发力氢能源汽车德威新材12月13日午间公告，公司与合肥工业大学汽车工程技术研究院于11日签订了《战略合作协议书》。,午间公告｜德威新材携手合肥工大发力氢能源汽车，仙琚制药获得药品GMP证书,,33,0,0,2019-12-13 12:59:37,http://m.toutiao.com/group/6769784050728043016/?app=news_article&is_hit_share_recommend=0,上游新闻,50026916052,新时代新型主流媒体，视频、专业、主流、互动。,True,2019-12-13 14:41:49,news_tech
营口牵手中石化启动跨境电商等系列合作项目,营口牵手中石化启动跨境电商等系列合作项目,,9,0,0,2019-12-13 12:52:26,https://m.toutiaoimg.com/a6769782196908589576/?app=news_article&is_hit_share_recommend=0,辽宁新闻,87993479845,以要闻总汇为节目宗旨，追求“权威性、贴近性、可视性”。,False,2019-12-13 14:41:49,news_tech
说起国产电脑，联想绝对是大家记忆中最突出的品牌，除此之外还有华为、小米等知名品牌。随着移动互联网的迅速发展，移动设备成为了人们生活中最不能缺少的“日常用品”。智能手机和平板电拿的普及，这让电脑的销量受到了不小的冲击：根据2019年公布的数据显示：去年全球PC出货量总计2.,中国电脑界价格屠夫：市场价砍半，销量无人能敌，如今混得怎样？,,9545,3,0,2019-10-31 17:00:43,http://m.toutiao.com/a6753889515791712780/?app=news_article&is_hit_share_recommend=0,海外情报官,3346519010,做最鲜活的海外猛料，最及时的海外商情，最真实的海外故事,False,2019-12-13 14:41:49,news_tech
最近，网络作家陈虹焱的写作习惯发生了一个变化:每完成一部分文稿的创作，除了保存作品内容，她还会将文稿信息上传至一条看不见、摸不着的数据链中，为自己的无形产权加一把“锁”。这条“司法区块链”的技术平台，是由杭州互联网法院搭建的。,区块链落地场景悄然浮出水面 对日常生活影响几何,,3,0,0,2019-12-12 14:23:22,http://m.toutiao.com/group/6769434545600070158/?app=news_article&is_hit_share_recommend=0,中国吉林网,5264838183,是中共吉林省委宣传部主管的省级重点新闻网站,True,2019-12-13 14:41:49,news_tech
12月13日消息，据asymco报道，AirPods第四季度的销售额将到达40亿美元，这使AirPods将成为苹果“40亿美元俱乐部”一员。,“40亿美元俱乐部”再添新成员，AirPods跻身苹果热销榜,,7,0,0,2019-12-13 12:10:12,http://m.toutiao.com/a6769771313943806468/?app=news_article&is_hit_share_recommend=0,泡泡网,3657894252,关注泡泡网，畅享科技生活。,True,2019-12-13 14:41:49,news_tech
[PConline资讯]不知道库克是因为iPhone 11卖爆了，整个人都飘了？据外媒报道，库克在近日接受采访时表示，苹果在美国创造了更多就业机会，并表示苹果是将来自中国、美国、日本的优质供应商整合在一起。,库克：苹果创新力很强但并非垄断地位，华为三星的手机也很强,,21,0,0,2019-12-13 12:24:08,http://m.toutiao.com/group/6769774905710871047/?app=news_article&is_hit_share_recommend=0,太平洋电脑网,3389144301,"太平洋电脑网于1999年正式推出,致力为国内IT企业与终端用户提供全面、权威、专业的IT资讯服务。",True,2019-12-13 14:41:49,news_tech
今年11月份，中国建筑材料流通协会发布2019年《全国BHEI（中国城镇建材家居市场饱和度预警指数）数据报告》。报告显示，2019年，建材家居卖场已处于过饱和状态。不过，分析认为，当前一线城市建材家居市场整体仍在优化，全国建材家居卖场“整体过剩、局部稀缺”的现象仍然存在。,家居年度回望│“搅局者”涌入，互联网电商抢占市场,,48,2,0,2019-12-12 17:58:35,http://m.toutiao.com/group/6769490007011885572/?app=news_article&is_hit_share_recommend=0,新京报,5540918998,慧眼看中国，我们愿做你的4D眼镜。独家调查、深度报道，在这里，新京报能让你得到不一样的满足。,True,2019-12-13 14:41:49,news_tech
【VR陀螺编译】尽管Facebook Spaces于10月份被关闭，为公司的下一个社交VR平台Horizon腾出了空间，但Facebook正在推出一些重大的社交变革，这些有望实现在Oculus平台上更轻松地见面，谈话和共同游戏。,被Facebook收购5年后，Oculus已“不再”,,475,2,0,2019-12-12 16:35:12,http://m.toutiao.com/a6769468517327569415/?app=news_article&is_hit_share_recommend=0,VR陀螺,6211940592,VR陀螺：关注热点、趣闻、产业内容，为V R创业者服务。,True,2019-12-13 14:41:49,news_tech
机器人外衣终于问世了！科幻迷们在《异形》中看到的瑞普利大战异形女王时所穿的机器人外衣，已被美国机器人公司 Sarcos 变成同款――Guardian XO。穿着这个 “外骨骼机器人” 可能不会让你看起来像钢铁侠，但是它能让你轻松举起 90 公斤的重物，不会出汗。,“钢铁侠战衣”即将交付，赋予工人“超能量”可轻松举起小导弹,,564,3,0,2019-12-12 17:33:17,http://m.toutiao.com/a6769483484495872524/?app=news_article&is_hit_share_recommend=0,DeepTech深科技,3149252798,关注科学、技术以及产业。,True,2019-12-13 14:41:49,news_tech
来源：证券日报本报记者 苏诗钰为推动“互联网+社会服务”发展，促进社会服务数字化、网络化、智能化、多元化、协同化，更好惠及人民群众，助力新动能成长，近日，经国务院同意，国家发改委、教育部、民政部、商务部等七部门联合印发了《关于促进“互联网+社会服务”发展的意见》（以下简称《意见》,七部门发文促进“互联网+社会服务”发展 大数据等信息技术企业将率先受益,,11,1,0,2019-12-13 07:45:47,http://m.toutiao.com/group/6769703173000004103/?app=news_article&is_hit_share_recommend=0,中国经济网,50502346296,中国经济网，传递有价值的信息,True,2019-12-13 14:41:49,news_tech
小米电视双11“大满贯”统治级表现，已经提前锁定2019年中国第一桂冠。海外方面，小米电视同样强势。据IDC数据监测：小米电视在印度市场，连续6个季度蝉联第一大智能电视品牌，市场份额等于三星+LG+索尼三大品牌总和。此外，小米电视在印度尼西亚的双12促销，斩获销量第一的好成绩。,小米电视国内外齐爆发：引领印度/印尼快速进入智能电视时代,,14,0,0,2019-12-13 13:14:07,http://m.toutiao.com/group/6769787786682696199/?app=news_article&is_hit_share_recommend=0,同花顺财经,3475422963,股票金融信息资讯专家 微信号：ths518,True,2019-12-13 14:41:53,news_tech
数码新资讯？互联新事件？手机快测评？二十年专业老司机，等你上车，点击右上角关注泡泡网即可小爱音响的口碑和销量不用多说了，绝对处于行业第一梯队，而近日，关于小爱音响旗下的新品：小爱触屏音响 Pro 被曝光了，包装盒与外观全都呈现了。,小米新品爆料：超大屏幕、Hi-Fi芯片，售价或为599元,,148,0,0,2019-12-13 13:51:21,http://m.toutiao.com/a6769797380339401227/?app=news_article&is_hit_share_recommend=0,泡泡网,3657894252,关注泡泡网，畅享科技生活。,True,2019-12-13 14:41:53,news_tech
2019年底时分，5G手机几乎霸占了整个新机市场，我们纵观已经发布的和即将发布的几款新手机，几乎都存在着5G版本机型。这其实并不难理解，5G网络在当下已经比较成熟，5G套餐也适时的进行了跟进，再加上整个市场环境慢慢的向5G转变，现在更换5G确实是值得我们认真考虑的问题了。,5G靠谱之选荣耀V30 Pro,,3,0,0,2019-12-13 11:32:16,http://m.toutiao.com/a6769761538870870542/?app=news_article&is_hit_share_recommend=0,PChome电脑之家,3702166013,实时更新最精彩的全行业资讯、消费电子产品评测及热点事件报道,True,2019-12-13 14:41:53,news_tech
本报讯 维信诺科技有限公司位于河北省固安县的国内首条第六代全柔AMOLED生产线，于近日实现柔性AMOLED屏幕单品KK级交付，这是我国OLED产业凭借自主知识产权、前瞻设计布局产线，实现量产突破的新里程碑。柔性AMOLED屏幕KK级交付是指单款产品实现百万数量级供货量。,维信诺固安G6全柔AMOLED生产线实现单品KK级交付,,3,0,0,2019-12-13 13:44:39,http://m.toutiao.com/group/6769795655004062212/?app=news_article&is_hit_share_recommend=0,同花顺财经,3475422963,股票金融信息资讯专家 微信号：ths518,True,2019-12-13 14:41:53,news_tech
上月底的时候，realme曾官宣将推出首款5G手机――realme X50 5G，支持NSA/SA双模组网，并且没有4G版本。,双模5G+双打孔屏 realme X50将于下月发布,,27,0,0,2019-12-13 11:54:08,http://m.toutiao.com/group/6769767172211212808/?app=news_article&is_hit_share_recommend=0,天极网,3526525206,悟空问答签约机构  科技前沿第一站,True,2019-12-13 14:41:53,news_tech
按照华为手机更新迭代的规律，华为下一部旗舰机应当是华为P40系列。而近日，有关华为P40的爆料信息层出不穷。在推特上，有博主爆料了华为P40 Pro的外观渲染图，同时华为P40 Pro的配置也不再神秘。据爆料信息显示，华为P40 Pro将拥有一块6.,华为P40Pro不再神秘，石墨烯电池＋麒麟990，无缘鸿蒙OS,,797,0,0,2019-12-13 11:46:59,http://m.toutiao.com/a6769765332157465099/?app=news_article&is_hit_share_recommend=0,九机网,3346723364,九机（原三九手机网）主营手机、电脑、数码,False,2019-12-13 14:41:53,news_tech
本文为「金十数据」原创文章，未经许可，禁止转载，违者必究。据媒体12月12日最新报道，澳大利亚竞争和消费者委员会（ACCC）宣布了一则消息，将制定一套自愿性行为准则，以规范Facebook和谷歌等公司与当地媒体企业之间的议价能力问题。,靠广告一年赚2297亿美元？如今，澳大利亚宣布将对美企加强监管,,2917,3,0,2019-12-12 17:03:53,http://m.toutiao.com/a6769475910987940365/?app=news_article&is_hit_share_recommend=0,金十数据,5543660331,金十数据，为交易而生！,True,2019-12-13 14:41:53,news_tech
"来源：经济日报-中国经济网车联网发展至今,人们对汽车的需求,已从单纯的出行工具转变为提供车载服务的平台。不过,传统车辆迭代周期普遍较长,智能化进程难以满足用户实际需求。",建立人车互联生态 高德地图开放ALink车载连接协议,,2518,7,0,2019-12-13 11:04:00,http://m.toutiao.com/group/6769754253561954827/?app=news_article&article_category=automobile&is_hit_share_recommend=0,中国经济网,50502346296,中国经济网，传递有价值的信息,True,2019-12-13 14:41:53,news_tech
近日，IDC中国最新发布的《IDC全球增强与虚拟现实支出指南》显示，至2020年，全球AR/VR(增强与虚拟现实)市场相关支出规模将达到188亿美元，较2019年同比增长约78.5%。从地理维度来看，中国市场的AR/VR技术相关投资将于2020年达到57.,IDC：2020年中国市场AR/VR技术占比超过全球市场份额的30%,,17,0,0,2019-12-13 13:32:33,http://m.toutiao.com/group/6769792535859560967/?app=news_article&is_hit_share_recommend=0,同花顺财经,3475422963,股票金融信息资讯专家 微信号：ths518,True,2019-12-13 14:41:53,news_tech
12月11日，中国信通院发布最新国内手机出货量数据。今年11月，国内手机市场总体出货量达3484.2万部，同比下降1.5%，跌幅有所收窄。自今年5月以来，国内手机出货量已连续6个月同比下滑，分析认为11月同比跌幅收窄或与5G手机大量出货有关。,图说：11月手机出货量出炉！5G手机出货超500万部,,165,0,0,2019-12-13 04:41:56,http://m.toutiao.com/group/6769655796897677832/?app=news_article&is_hit_share_recommend=0,东方财富网,3581015608,中国财经资讯门户，24小时财经资讯更新,True,2019-12-13 14:41:53,news_tech
【TechWeb】随着华为nova6系列和荣耀V30系列的正式亮相，整个华为手机家族在2019年的亮相就基本告一段落了，接下来应该不会再有热门机型与大家见面，而外界的目光，也开始转向了明年的开年旗舰上。不出意外的话，该机将被命名为华为P40。,疑似华为P40 Pro渲染图曝光：前置极点双摄+后置徕卡五摄,,72,0,0,2019-12-13 09:52:08,http://m.toutiao.com/a6769735734275342862/?app=news_article&is_hit_share_recommend=0,TechWeb,3323966416,提供权威新鲜的IT业界新闻，是新媒体、新技术、新商业互动平台。,True,2019-12-13 14:41:53,news_tech
2019年12月13日 精选资讯如下：　　【互联网新鲜事】　　工信部公示网络安全抽查：爱奇艺、顺丰、科大讯飞等存在违规　　近日，工业和信息化部网络安全管理局公布了2019年“双随机一公开”检查结果公示。,科大讯飞等37家公司存在网络安全违规；海尔智家或在港交所上市,,499,1,0,2019-12-13 11:07:57,http://m.toutiao.com/a6769755272635220491/?app=news_article&is_hit_share_recommend=0,艾媒网,59672551416,为您提供有价值、有深度的最新科技文章,True,2019-12-13 14:41:53,news_tech
光线传媒与阿里签署协议！包括开设天猫旗舰店，销售公司电影,光线传媒与阿里签署协议！包括开设天猫旗舰店，销售公司电影,,8,0,0,2019-12-13 11:02:10,https://m.toutiaoimg.com/a6769471996121055755/?app=news_article&is_hit_share_recommend=0,策空,55877521528,浙江电视台经济生活频道《茅莹今日秀》栏目组头条号。,True,2019-12-13 14:41:53,news_tech
每个人对家庭生活都有着自己的想象，但在所有想像中都少不了一家人欢聚玩乐的画面。那么，家庭娱乐玩什么?从收音机到黑白电视机，再到智能电视、家用投影仪等，人们通过这些设备获取外界资讯、收看影视剧集，在娱乐之中聚合起全家人，从点滴时光汇聚属于所有家庭成员的美好记忆。,家庭使用场景多元化 智能屏聚合儿童教育模式,,95,2,0,2019-12-12 22:05:04,http://m.toutiao.com/group/6769553526344385037/?app=news_article&is_hit_share_recommend=0,环球网,5954781019,环球资讯 全球动态 让你的头条更精彩,True,2019-12-13 14:41:53,news_tech
车栗子 发自 凹非寺量子位 报道 | 公众号 QbitAI谁说Kaggle比赛都那么穷？穷不穷，还要看做的是什么任务。比如，有左右两段视频，你能分辨哪个是修过的么：动图结尾公布了答案，右是原始视频，左是Deepfake之后。,悬赏百万美金，检测Deepfake假视频，数据集470G：快去参加挑战赛,,25,0,0,2019-12-13 13:51:52,http://m.toutiao.com/a6769797514582295051/?app=news_article&is_hit_share_recommend=0,量子位,53624121633,00'51' 01 追踪AI技术和产品新动态，这里更快一步,True,2019-12-13 14:41:53,news_tech
新京报讯（记者 陆一夫）对于阿里联合创始人蔡崇信退出公司董事会一事，12月13日，小鹏汽车方面向新京报记者表示，该工商信息变更属于正常的集团董事调整，阿里巴巴仍是小鹏汽车的董事会成员和重要股东。,小鹏汽车回应董事会调整：阿里仍然是公司董事会成员,,21,0,0,2019-12-13 11:44:17,http://m.toutiao.com/group/6769764635739423239/?app=news_article&article_category=automobile&is_hit_share_recommend=0,新京报,5540918998,慧眼看中国，我们愿做你的4D眼镜。独家调查、深度报道，在这里，新京报能让你得到不一样的满足。,True,2019-12-13 14:41:53,news_tech
天眼查数据显示，11月21日，闪送的运营主体北京同城必应科技有限公司近日已申请注册09-科学仪器、35-广告销售和39运输贮藏三类的“闪送闪购”商标。,闪送注册“闪送闪购”商标 此前已有意积极布局电商领域,,31,0,0,2019-12-13 10:16:01,http://m.toutiao.com/group/6769741890775417352/?app=news_article&is_hit_share_recommend=0,金融界,3815887397,一站式互联网投资理财平台。,True,2019-12-13 14:41:53,news_tech
12月12日，深圳市比克动力电池有限公司(下简称“比克电池”)与开沃新能源汽车集团有限公司(下简称“开沃汽车”)在南京举行战略合作签约仪式，双方建立长期战略合作关系，携手拓展新能源汽车业务。,比克电池与开沃新能源汽车签署战略合作框架协议,,10,0,0,2019-12-12 15:05:01,http://m.toutiao.com/group/6769445279272796685/?app=news_article&article_category=automobile&is_hit_share_recommend=0,同花顺财经,3475422963,股票金融信息资讯专家 微信号：ths518,True,2019-12-13 14:41:53,news_tech
12月13日消息，华为在过去五年里取得了长足进步，2015年，该公司智能手机出货量超过1.04亿部，市场份额5.5%，在全球排名第三。,华为和三星差距缩小，世界第一手机厂商的目标将实现,,470,0,0,2019-12-13 11:08:55,http://m.toutiao.com/a6769755521919484430/?app=news_article&is_hit_share_recommend=0,爱搞机,3512151958,据说99%搞机发烧友都关注的头条号,True,2019-12-13 14:41:53,news_tech
随着互联网与公益事业的日益结合，使得公益能在非常短的时间内迅速组织起行之有效的活动，大大提高了公益的时效性。边锋网络作为一家国内领先的游戏开发商、运营商和发行商，在公益上融入互联网思维，通过实际行动彰显公司的社会责任。,助力救灾救援，边锋网络体现“公益速度”,,2,0,0,2019-12-13 10:37:02,http://m.toutiao.com/a6769747304636219916/?app=news_article&is_hit_share_recommend=0,杭州边锋网络,77989167220,十九年发展历史游戏产品超过400款休闲游戏的领导者,False,2019-12-13 14:41:53,news_tech
我主要谈三个方面：一是数字货币的机遇，供需两侧都支撑着数字货币时代随着数字经济的发展终将来临。二是数字货币的挑战，包括自身挑战和外部挑战。三是对数字货币未来发展四点不成熟的意见。数字货币的机遇数字货币最大的机遇来源于数字经济的发展，数字货币是数字经济时代发展的必然产物。,张丽平：数字货币的机遇以及自身和外部的挑战,,506,11,0,2019-12-12 13:25:36,http://m.toutiao.com/group/6769419657817358851/?app=news_article&is_hit_share_recommend=0,同花顺财经,3475422963,股票金融信息资讯专家 微信号：ths518,True,2019-12-13 14:41:56,news_tech
王会聪 【环球时报综合报道】据美国彭博社11日报道，针对美国电商巨头亚马逊公司日前起诉五角大楼将一项价值100亿美元的云计算服务合同给了微软、并要求五角大楼暂停该项目，美国防长埃斯珀11日表示，如果被迫推迟实施该项目，美军将面临“落后于中国”的风险。,亚马逊和美五角大楼100亿美元合同之争，居然扯上了中国,,2885,4,0,2019-12-13 07:54:27,http://m.toutiao.com/group/6769705408954106375/?app=news_article&is_hit_share_recommend=0,环球网,5954781019,环球资讯 全球动态 让你的头条更精彩,True,2019-12-13 14:41:56,news_tech
投资界消息，学堂在线宣布完成过亿元人民币的B轮融资，本轮融资由慕华资本领投，高榕资本、红点中国等老股东跟投。清华控股副总裁、学堂在线董事长范新透露，此次融资资金将用于加强人工智能+教育等相关技术研究、优质课程的引进开发以及在线教育发展新模式的探索。,慕课平台学堂在线获过亿元B轮融资，慕华资本领投，高榕资本、红点中国等跟投,,7,0,0,2019-12-13 10:19:23,http://m.toutiao.com/group/6769742757784191501/?app=news_article&is_hit_share_recommend=0,投资界,5857262808,投资界―中国股权投资行业专业门户网站。,True,2019-12-13 14:41:56,news_tech
12月12日，荣耀V30 PRO正式开售，随后官方公布了荣耀V30 PRO的首销战报。荣耀V30 PRO获得了全平台3000-5000元价位段5G手机销量冠军。,荣耀V30 PRO首销：获全平台3000-5000元价位段5G手机销量冠军,,52,0,0,2019-12-12 17:36:23,http://m.toutiao.com/a6769484286941725197/?app=news_article&is_hit_share_recommend=0,泡泡网,3657894252,关注泡泡网，畅享科技生活。,True,2019-12-13 14:41:56,news_tech
全面屏手机时代的到来，让手机厂商看到了销量增长的契机，于是纷纷给出自家全面屏解决方案，并推出旗下全面屏机型。于是，我们便看到了各式各样的全面屏手机，包括刘海、水滴、挖孔、升降摄像头、滑盖等等。,升降式全面屏为什么会被手机厂商抛弃？看完你就懂了,,2337,6,0,2019-12-13 09:54:24,http://m.toutiao.com/a6769736319456248324/?app=news_article&is_hit_share_recommend=0,钨丝科技,6511184226,数码科技博主，欢迎来撩,True,2019-12-13 14:41:56,news_tech
12月12日，小米公司印度区负责人蛮牛（Manu Kumar Jain）在自己的推特上发布了小米电视在印度市场的成绩。在印度，小米电视的市场份额大约是33%左右，三星以14%的数值位列第二，之后紧跟着的是占比13%的LG和占比10%的索尼。,小米再次卫冕印度销量冠军 加速拓展海外市场,,20,0,0,2019-12-12 19:01:25,http://m.toutiao.com/a6769506200087167491/?app=news_article&is_hit_share_recommend=0,泡泡网,3657894252,关注泡泡网，畅享科技生活。,True,2019-12-13 14:41:56,news_tech
[PConline海选导购]要说我们现在最离不开的数码产品是什么？那肯定要数手机啦！聊天通讯要用它，追剧玩游戏要用它，学习升华还能用它！现在选购手机产品，除了需要有高颜值外，手机的性能表现也不能拖后腿。,天生靓丽还拥有出色性能：这几款新机了解下,,9,0,0,2019-12-13 00:21:31,http://m.toutiao.com/group/6769588686557282830/?app=news_article&is_hit_share_recommend=0,太平洋电脑网,3389144301,"太平洋电脑网于1999年正式推出,致力为国内IT企业与终端用户提供全面、权威、专业的IT资讯服务。",True,2019-12-13 14:41:56,news_tech
今天是12月12日农历十一月十七明明没什么购物欲望（也没什么余额）但还是赶在双十二结束前冲动剁手下面是今天的其他大新闻# 币圈大佬何一、孙宇晨微博账号已被封杀（IT之家） 据报道，波场创始人@孙宇晨 和币安联合创始人何一@何一Miss 的微博账号疑似被关闭，相关页面显示该账号因被,孙宇晨微博帐号被封，马蜂窝被曝大规模裁员，微软下月停止支持 Win 7，春运车票今开售，这就是今天的其他大新闻,,12421,19,0,2019-12-13 01:46:50,http://m.toutiao.com/group/6769610673241457159/?app=news_article&is_hit_share_recommend=0,差评,4358436566,这些东西，大佬们肯定不想让你知道...,True,2019-12-13 14:41:56,news_tech
OPPO于2018年6月推出了旗舰手机Find X，这款手机搭载了高通骁龙845移动平台，采用了一块6.4英寸的2.5D曲面全景屏，屏占比达到了93.8%，并且采用双潜望式摄像头结构，将全部摄像头都隐藏了起来。这款手机的总体设计令人印象深刻，下一代Find X2也十分令人期待。,OPPO Find X2将于2020年Q1发布 搭载高通骁龙865,,130,0,0,2019-12-12 16:18:29,http://m.toutiao.com/a6769464211044041220/?app=news_article&is_hit_share_recommend=0,手机中国,2961585772,专业、有态度的手机门户！,True,2019-12-13 14:41:56,news_tech
毫无前兆，智慧屏在2019年爆火。从“不做传统电视”，到“大屏产品”，再到“智慧屏”，华为为“智慧屏”这一概念攒足了人气，并在9月19日正式发布65寸“智慧屏”。智慧屏与传统电视有何不同？华为IoT产品线总裁支浩强调了四点：AI交互、跨屏体验、IoT控制、影音娱乐。,百度定义新物种：智能屏，不是智慧屏,,4487,32,0,2019-12-13 04:23:10,http://m.toutiao.com/group/6769650959120335368/?app=news_article&is_hit_share_recommend=0,雷锋网,6101038992,雷锋网，读懂智能&未来。,True,2019-12-13 14:41:56,news_tech
作者: Jim McDonald翻译 & 校对: 闵敏 & 阿剑来源：以太坊爱好者权益证明对于所有区块链来说，核心竞争力都是保证自身安全性的能力。,以太坊2.0 的验证者有效余额是什么,,46,0,0,2019-12-13 01:01:23,http://m.toutiao.com/group/6769598960819503627/?app=news_article&is_hit_share_recommend=0,巴比特,3410443345,巴比特资讯：嗖嗖嗖，一个为你速递区块链硬核新闻的官号。,True,2019-12-13 14:41:56,news_tech
来源:经济日报全国首个量子计算产业联盟本源量子计算产业联盟OQIA，12日在安徽合肥高新区揭牌。,量子计算产业联盟揭牌,,28,0,0,2019-12-13 08:27:52,http://m.toutiao.com/group/6769714018039890439/?app=news_article&is_hit_share_recommend=0,新华网客户端,4377795668,引领品质阅读，让新闻离你更近！,True,2019-12-13 14:41:56,news_tech
今天是2019年12月13日，离全年结束还有19天。1937年12月13日，中国抗日战争期间，日军对南京军民展开长达六周的大屠杀，史称“南京大屠杀”，超过30万人被杀害。2014年2月27日中国全国人大常委会经表决将12月13日确定为南京大屠杀死难者国家公祭日。,「PW早报」孙宇晨微博被关，波场回应：一切安好,,80,1,0,2019-12-13 09:50:40,http://m.toutiao.com/group/6769735357261939207/?app=news_article&is_hit_share_recommend=0,PingWest品玩,3190678396,有品好玩的科技，一切与你有关,True,2019-12-13 14:41:56,news_tech
带你提前探秘华为全联接大会现场,华为全联接大会就要来了！,华为,12246,72,0,2019-09-17 13:55:07,https://m.toutiaoimg.com/a6737513939535397383/?app=news_article&is_hit_share_recommend=0,华为,74089686926,华为是全球领先的ICT（信息与通信）基础设施和智能终端提供商。,True,2019-12-13 14:41:56,news_tech
尽管中国的共享单车创业热潮已经接近尾声，但不可否认的是如今的共享单车仍是大部分人出行的第一选择。也正因如此，共享单车在国内仍有着不小的市场。不过在日本，共享单车的发展就没这么顺利了，曾经的ofo、摩拜等共享单车品牌，都未能打开日本市场，原因究竟是什么呢？,共享单车为何在日本火不起来？原因在这儿,,52,0,0,2019-12-13 10:32:22,http://m.toutiao.com/group/6769746100917109255/?app=news_article&is_hit_share_recommend=0,中关村在线,3539965816,看科技资讯，上中关村在线。,True,2019-12-13 14:41:56,news_tech
OPPO A11开箱，还没开箱就亏200的手机，这波血亏！,OPPO A11开箱，还没开箱就亏200的手机，这波血亏！,,76,0,0,2019-12-12 18:44:46,https://m.toutiaoimg.com/a6769501906147475972/?app=news_article&is_hit_share_recommend=0,锋芒小栈,3542159732,锋芒小栈是一个有态度的产品导购团队。,True,2019-12-13 14:41:56,news_tech
"【环球时报-环球网报道】从智慧交通到智慧城市，从智能制造到网络强国，我们正迎来一个万物互联，万网互融的智能时代，越来越多的智能终端让网络地址成为稀缺资源。目前,IPv4框架下的网址资源已消耗殆尽。",中国航天科工用“双栈道”解决网络地址之荒,,678,5,0,2019-12-12 18:44:24,http://m.toutiao.com/group/6769501811943408139/?app=news_article&is_hit_share_recommend=0,环球网,5954781019,环球资讯 全球动态 让你的头条更精彩,True,2019-12-13 14:41:56,news_tech
商家讲究一个诚信经营，但是，市民曾先生最近遭遇了一次消费陷阱，商家把一部在他购买之前就已经开封过的手机卖给了他，这是怎么回事？投诉人 曾先生：双十一那天，我在苏宁易购买了一个红米Note8手机。,“双十一”购机发现9月就已激活 苏宁易购被指卖“二手机”,,4089,14,0,2019-12-13 08:38:50,http://m.toutiao.com/a6769716844644270605/?app=news_article&is_hit_share_recommend=0,江西晨报,3374843465,《江西晨报》江西中产第一报，为您提供最有价值的新闻。,True,2019-12-13 14:41:56,news_tech
上月，特斯拉在发布电动皮卡Cybertruck时，分享了与F-150猛禽拔河的视频，虽然最终取胜但被福特质疑用的是后驱版本，并不公平。马斯克欣然答应重赛后，福特方面却打起了退堂鼓。没想到，就连竞彩机构也掺和进来，然而下注结果显示，怀疑Cybertruck的人更多。,福特猛禽尴尬：跟特斯拉Model X拔河也输了,,238,1,0,2019-12-12 19:43:41,http://m.toutiao.com/group/6769517090903687692/?app=news_article&article_category=automobile&is_hit_share_recommend=0,同花顺财经,3475422963,股票金融信息资讯专家 微信号：ths518,True,2019-12-13 14:41:56,news_tech
极客网・极客观察（小刀）12月13日 在过去52周，特斯拉股票的最低价是176.99美元，目前股价352.70美元，市值达到635.7亿美元，总之，在过去一年里，特斯拉在股市的表现很不错。为什么增长迅速？主要有几个原因，比如利润增加、市场份额上升，中国业务前景光明。,上海版特斯拉汽车即将开售 中国电动汽车市场要变天,,23,0,0,2019-12-13 10:22:28,http://m.toutiao.com/group/6769743552927760910/?app=news_article&article_category=automobile&is_hit_share_recommend=0,同花顺财经,3475422963,股票金融信息资讯专家 微信号：ths518,True,2019-12-13 14:41:56,news_tech
近年来，以数据驱动的“软件定义”成为了融合应用的显著特征，更多的新产品、服务和模式创新随之诞生，并由此催生出了新的业态和经济增长点。作为先导产业的汽车行业，依靠蓬勃发展的车联网，其在工业技术软件化领域的应用发展更是呈现出加速前行的态势。,车联网加速汽车工业技术软件化,,35,0,0,2019-12-13 09:15:37,http://m.toutiao.com/group/6769726324652114446/?app=news_article&article_category=automobile&is_hit_share_recommend=0,中国青年报,50502346895,推动社会进步 服务青年成长,True,2019-12-13 14:41:59,news_tech
"2019世界创新者年会（World Innovators Meet 2019, 简称WIM2019），于2019年12月6日在北京・国贸大酒店正式拉开帷幕。本届大会由中国企业联合会指导，亿欧・EqualOcean、工业和信息化科技成果转化联盟联合主办，以“科创4.",2020年创业和投资领域，将会出现更多中国创新丨WIM2019,,5,0,0,2019-12-13 10:20:18,http://m.toutiao.com/group/6769742994275828238/?app=news_article&is_hit_share_recommend=0,亿欧网,3317459031,亿欧――科技与产业创新服务平台,True,2019-12-13 14:41:59,news_tech
移动互联网时代，信息获取已从最初的图文模式，向视频、音频为载体的富媒体化发展，新的信息形式正在拓宽人们信息获取的广度和宽度。构建了中国最大的以信息与知识为核心移动生态的百度，也正以知识视频化方式迎接信息分发新时代。,百度推动“知识视频化”：开放百亿流量扶持万名知识视频创作者,,26,0,0,2019-12-13 10:19:24,http://m.toutiao.com/a6769742760476934670/?app=news_article&is_hit_share_recommend=0,ZEALER,3898259625,Technology Stays True Here,True,2019-12-13 14:41:59,news_tech
大河报・大河客户端记者 刘广超 通讯员 谢晓龙“双十一”单日处理峰值突破842万件，今年前十个月全市快递服务企业业务量累计完成6692.5万件……12月13日，记者了解到，国家邮政局近日发布《关于“中国快递示范城市”评选结果的公示》，漯河市名列其中。,中国快递示范城市评选结果出炉，漯河成河南唯一上榜城市,,57,1,0,2019-12-13 12:45:09,http://m.toutiao.com/group/6769780318774755853/?app=news_article&is_hit_share_recommend=0,大河客户端,5932975647,大河报・大河客户端----河南省唯一省级新闻客户端,True,2019-12-13 14:41:59,news_tech
哇哦，同城打比的 QQ，终于更新。机哥多说一句哈，QQ 的更新，可比微信实在得多。有什么新功能，都在版本更新说明上写得明明白白。如图所示，这次 QQ 的版本更新到 8.2.0，也带来 3 个新功能。不多 BB，机哥马上带你瞅一眼，这次 QQ 更新些啥。,微信，求你上进点！自己的新功能，QQ做的比你还好用,,1071,0,0,2019-12-13 10:51:44,http://m.toutiao.com/a6769751095171351053/?app=news_article&is_hit_share_recommend=0,安卓中国,3341372477,中国最具影响力的IT科技垂直门户网站，知名中文泛科技媒体。,True,2019-12-13 14:41:59,news_tech
众所周知，中国不仅被世界称为“世界工厂”，同时也具有庞大的消费市场。近年来，不少海外企业前来投资建厂、开店，其中也包括不少美企。据媒体12月13日最新报道称，美国零售巨头Costco（好市多）表示，其在中国开设的新店业绩情况创下新高。,美国9271家商店倒闭！又一美企在华业绩创新高，亚马逊正重返中国,,172,0,0,2019-12-13 11:45:58,http://m.toutiao.com/a6769765064820916739/?app=news_article&is_hit_share_recommend=0,金十数据,5543660331,金十数据，为交易而生！,True,2019-12-13 14:41:59,news_tech
【猎云网北京】12月12日报道12月11日，2019年度CEO峰会暨猎云网创投颁奖盛典在北京望京凯悦酒店隆重举行，近百位知名资本大咖，独角兽创始人、创业风云人物及近千位投资人与创业者共聚“新势力・2019年度CEO峰会暨猎云网创投颁奖盛典”。,连界资本董事长王h：母基金+直投能起到资源放大的作用,,272,9,0,2019-12-12 14:03:00,http://m.toutiao.com/group/6769429297955340814/?app=news_article&is_hit_share_recommend=0,猎云网,3624705480,猎云网聚焦TMT领域创业创新报道，嫁接创业者与VC的桥梁。,True,2019-12-13 14:41:59,news_tech
对于NFC功能我们并不陌生，像笔者最早在13年的一些国产热门手机上，就见到了NFC芯片的踪影。所谓NFC其实就是一种短距高频的无线电技术，按照其规范标准规定，NFC的通信距离在10厘米以内，运行频率13.56MHz，传输速度最大也不过424Kbit/s。,手机全功能NFC使用的正确姿势！新一线城市亲测,,2210,2,0,2019-12-13 10:53:03,http://m.toutiao.com/group/6769751432879931912/?app=news_article&is_hit_share_recommend=0,驱动之家,5400826420,驱动之家为您提供第一手的科技新闻资讯、产品评测、驱动下载等服务,False,2019-12-13 14:41:59,news_tech
沙特阿美盘前竞价股价涨至38.7里亚尔/股，市值超2万亿美元。,沙特阿美市值超2万亿美元,,195,0,0,2019-12-12 14:34:08,http://m.toutiao.com/group/6769437320962638343/?app=news_article&is_hit_share_recommend=0,同花顺财经,3475422963,股票金融信息资讯专家 微信号：ths518,True,2019-12-13 14:41:59,news_tech
12月11日，中国汽车技术研究中心(以下称“中汽研”)公布了2019年11月国内车市上险数据。根据数据显示，2019年11月蔚来品牌整体上险数达2619台，在持续下滑的车市中继续保持着逆势上扬态势。,11月上险数据公布：蔚来ES6卫冕纯电动SUV销量冠军,,253,0,0,2019-12-13 11:00:27,http://m.toutiao.com/group/6769753341300834829/?app=news_article&article_category=automobile&is_hit_share_recommend=0,中国财富网,58536112692,中国财富网是中国财富传媒集团主办的网站。,True,2019-12-13 14:41:59,news_tech
朱程 相隔千里，也能“代驾”；戴上VR眼镜，来场说走就走的旅行；看着电视，唱着歌，无人驾驶送我去远方……在无锡举行的2019世界物联网博览会上记者看到，得益于5G网络，一批“未来感”十足的物联网应用正从概念变成现实，在孕育庞大市场的同时，也酝酿着物联网产业的一场深刻变革。,“飞一般”的5G给物联网带来什么？,,5,1,0,2019-12-13 09:26:43,http://m.toutiao.com/group/6769729185763033608/?app=news_article&is_hit_share_recommend=0,环球网,5954781019,环球资讯 全球动态 让你的头条更精彩,True,2019-12-13 14:41:59,news_tech
昨天看到有人说现在不懂手机的人才买苹果，懂手机的人会买华为手机。这句话我认为虽然十分的片面且不客观，但是还是有一定的道理的。因为现在用苹果手机的人除了那些果粉之外，更多的是普通消费者，他们一般不懂手机，认为买苹果手机不会出错而且有一定知名度，图省心买苹果就对了。,成熟男人用华为，不懂手机买苹果？真懂手机会买这三款,,290,0,0,2019-12-13 11:28:47,http://m.toutiao.com/a6769760642913010180/?app=news_article&is_hit_share_recommend=0,刷机工具,56830600670,靠谱的手机维修工具，支持手机刷机、解锁、线刷救砖、Root。,False,2019-12-13 14:41:59,news_tech
12月13日，中国联通与奇安信集团在北京召开发布会，双方签署战略合作协议，共同出资成立安全子公司：云盾智慧安全科技有限公司（以下简称云盾智慧）。新公司将重点聚焦态势感知和网站云防护等产品领域，对标国际先进企业。,中国联通与奇安信宣布联合成立合资公司云盾智慧,,44,2,0,2019-12-13 13:14:40,http://m.toutiao.com/group/6769787926063612424/?app=news_article&is_hit_share_recommend=0,金融界,3815887397,一站式互联网投资理财平台。,True,2019-12-13 14:41:59,news_tech
[钉科技述评] 随着移动时代的加速发展以及网络传输速度的不断提升，视频内容也迎来了较为快速的发展，根据2019中国网络视听发展研究报告显示，我国网络视频用户达7.25亿。其中碎片化的视频内容成为“杀时间”的利器，这也使一众短视频平台迅速崛起。,短视频赛道，手机厂商干得过互联网厂商吗？,,2,0,0,2019-12-13 13:26:49,http://m.toutiao.com/a6769791058457920008/?app=news_article&is_hit_share_recommend=0,钉科技网,5470117076,钉科技网，以家庭为核心，服务智能硬件、软件和解决方案发展，支持家庭互联网产业上下游沟通与联动。,True,2019-12-13 14:41:59,news_tech
听说98万+抖音粉丝的说书哥哥推荐了一本生物科普读物？！甚少见哥哥推荐此类书呀，好奇吗？快去抖音说书哥哥账号看看这本书推荐吧！,百万级粉丝抖音博主推荐！最疯狂人体进化史,,14,0,0,2019-12-13 10:16:44,http://m.toutiao.com/group/6769742075903607310/?app=news_article&is_hit_share_recommend=0,凤凰网房产西安站,5955361377,凤凰房产，全球华人首选高端物业门户。,False,2019-12-13 14:41:59,news_tech
经济观察网 记者 郑U心 实习生 刘兰 12月10日，小牛电动（NIU.O）全球研发与制造基地在江苏常州投产，小牛电动CFO张鹏对记者表示，新基地投产运营后，加上老工厂，小牛电动目前的设计产能可以达到100多万台。,小牛电动新基地投产 设计产能达一百万多万台,,326,0,0,2019-12-12 22:12:46,http://m.toutiao.com/group/6769555510350840333/?app=news_article&article_category=automobile&is_hit_share_recommend=0,经济观察报,5724101387,《经济观察报》总能在最恰当的时点与您分享最有价值的财经资讯和商业思想。,True,2019-12-13 14:41:59,news_tech
微信已经成为我们每天必备的工具了，通讯和支付都非常的方便，其实在微信聊天对话框中，长按向上滑动，还有隐藏功能，每个人都需要。一、上滑转文字1、我们打开手机上的微信，从列表中选择一位好友，打开对话框，在键盘的左上方，这里有一个语音按钮，我们平时发语音都是从这里开始的。,微信聊天对话框向上滑动，原来还有隐藏功能，每个人都需要,,332,1,0,2019-12-13 11:00:04,http://m.toutiao.com/a6769747780320625164/?app=news_article&is_hit_share_recommend=0,pdf技巧之家,73210875269,"分享各种PDF相关的知识,带你轻松玩转PDF！",False,2019-12-13 14:41:59,news_tech
亚马逊和五角大楼合同之争扯上中国。据美国彭博社11日报道，针对美国电商巨头亚马逊公司日前起诉五角大楼将一项价值100亿美元的云计算服务合同给了微软、并要求五角大楼暂停该项目，美国防长埃斯珀11日表示，如果被迫推迟实施该项目，美军将面临“落后于中国”的风险。,扯上中国，是美国人互撕的标配了吗？,,76,0,0,2019-12-13 09:22:19,http://m.toutiao.com/group/6769728049320559115/?app=news_article&is_hit_share_recommend=0,上观新闻,3721866747,站上海，观天下。 解放日报社出品，高端资讯品牌。,True,2019-12-13 14:41:59,news_tech
当某一天，你的生活因为机器人的到来而便捷了好多，此时的你会感到欣慰还是惊讶……作为新一轮产业变革的核心驱动力和引领未来发展的战略技术，国家高度重视人工智能产业的发展。,全世界都开启了AI模式，再不了解这十所大学，真有些说不过去……,,107,1,0,2019-12-13 10:27:46,http://m.toutiao.com/a6769740829029302792/?app=news_article&is_hit_share_recommend=0,学科竞赛网,5550504480,学科竞赛网专注于学科竞赛、名校自主选拔等升学信息,False,2019-12-13 14:41:59,news_tech
映象网驻马店讯（记者 黄向阳 通讯员 李文）在上期的【5G来到家门口】系列报道中，记者为大家介绍了驻马店市区置地大道以北移动5G站点的分布位置，在本期的内容中，请跟随记者的脚步，收下这份置地大道以南、文明路以西移动5G站点的分布大全吧。,置地大道以南、文明路以西5G站点分布,,847,6,0,2019-12-13 09:57:55,http://m.toutiao.com/group/6769737225891480071/?app=news_article&is_hit_share_recommend=0,河南联播,58848641468,映象网下属栏目，集合最权威的河南各地资讯,True,2019-12-13 14:41:59,news_tech
创头条13日讯 继微博账号被关闭之后，孙宇晨新账号“孙宇晨老师”再次被封禁，现已无法查看。昨日晚间，两位“币圈大佬”――波场创始人孙宇晨和币安联合创始人何一的个人微博账号被封禁。随后波场官方回应称，与新浪微博有直接的沟通渠道，将尽快解决这个问题”。,“币圈大佬”孙宇晨微博新账号再被封，多平台大批清理币圈账号,,355,3,0,2019-12-13 11:29:48,http://m.toutiao.com/a6769760903886799372/?app=news_article&is_hit_share_recommend=0,思达派,5330276946,思达派是专注创业干货分享的创业科技媒体。,True,2019-12-13 14:42:03,news_tech
站长之家(ChinaZ.com) 12月13日 消息:苹果iOS 13. 3 于本周正式发布，并在“屏幕使用时间”引入了“通讯限制”功能，让家长可以限制孩子通讯交谈时间。不过外媒CNBC发现这一功能存在几个BUG，并不能限制孩子通过电话、FaceTime或者短信与陌生人交谈。,苹果iOS 13.3出现BUG 熊孩子可绕过“通讯限制”功能,,2730,1,0,2019-12-13 10:36:46,http://m.toutiao.com/group/6769747234746532360/?app=news_article&is_hit_share_recommend=0,站长之家,3851872836,站长之家您提供新的站长资讯，创业信息，业界动态及行业趋势！,False,2019-12-13 14:42:03,news_tech
新京报讯（记者 陆一夫）12月12日晚间，中国无人机企业亿航智能正式登陆纽交所，成为中国无人机第一股。据悉，亿航智能的发行价确定在12.5美元/ADS，为早前发行价区间的最低点。以此价格计算，亿航智能的IPO募资总额将为4000万美元，市值达6.63亿美元。,“无人机第一股”亿航登陆纽交所，市值达6.63亿美元,,326,1,0,2019-12-13 08:39:04,http://m.toutiao.com/group/6769716907139416590/?app=news_article&is_hit_share_recommend=0,新京报,5540918998,慧眼看中国，我们愿做你的4D眼镜。独家调查、深度报道，在这里，新京报能让你得到不一样的满足。,True,2019-12-13 14:42:03,news_tech
日前，天翼电子商务有限公司CEO罗来峰在第三届翼支付合作伙伴生态大会上透露，2019年翼支付交易金额超1.75万亿，每月实现2.3亿笔交易。目前共接入华润、永辉、苏宁小店等逾800万家线下商户门店及苏宁易购、京东、天猫、美团等170余家线上电商。,翼支付罗来峰：2019年交易额超1.75万亿，接入逾170家电商,,75,0,0,2019-12-12 19:29:04,http://m.toutiao.com/group/6769513323709858317/?app=news_article&is_hit_share_recommend=0,亿欧网,3317459031,亿欧――科技与产业创新服务平台,True,2019-12-13 14:42:03,news_tech
售价1999元的红米K30，你心动了吗？12月10月，红米在北京正式召开新品发布会，除了发布红米系列笔记本之外，重头戏便是全新的K系列手机的发布。此次发布会，红米共发布了两款K系列手机，分别为K30 4G版和5G版。,1999元，红米新品5G手机登场,,42,0,0,2019-12-12 17:11:12,http://m.toutiao.com/a6769477797627822596/?app=news_article&is_hit_share_recommend=0,IT数码手机控丶,80555899338,资深数码导购达人，游戏玩家，自媒体编辑,True,2019-12-13 14:42:03,news_tech
每经记者：叶晓丹 每经编辑：陈俊杰12月12日，在恒生电子（600570，SH) 联合阿里云发布的NewCloud金融领域云解决方案发布会上，恒生电子总裁刘曙峰表示，不论是从中国的经济发展、金融市场建设看，亦或是从技术进步、互联网发展进程来看，2018年可能都是一个承前启后的年份,恒生电子刘曙峰：未来十年金融业或迎大调整格局,,1671,20,0,2019-12-13 11:01:49,http://m.toutiao.com/group/6769753692611543566/?app=news_article&is_hit_share_recommend=0,每日经济新闻,5770251897,中国主流财经全媒体。,True,2019-12-13 14:42:03,news_tech
,0g5G标杆！荣耀V30 PRO体验！,,15,0,0,2019-12-13 12:11:43,https://m.toutiaoimg.com/a6769771705767297549/?app=news_article&is_hit_share_recommend=0,天极网,3526525206,悟空问答签约机构  科技前沿第一站,True,2019-12-13 14:42:03,news_tech
日前，我们从特斯拉官方获悉，特斯拉车辆的蜂窝数据网络，将开始收取通讯费费，其价格为9.99美元大概相当于人民币70元左右。据若用户不想购买信息服务，车辆将只能使用基础的导航、OTA等功能，不可使用实时路况、卫星地图、在线音乐/视频、浏览器等在线服务功能。,电动车也有月租了，特斯拉这招又把汽车革命了,,3671,4,0,2019-12-12 14:19:22,http://m.toutiao.com/a6769433516863128076/?app=news_article&article_category=automobile&is_hit_share_recommend=0,中关村在线,3539965816,看科技资讯，上中关村在线。,True,2019-12-13 14:42:03,news_tech
创头条讯 近日，有网友在某社交平台爆料称，马蜂窝即将启动一场全公司级别的大裁员，12月12日（今日）正式开始约谈，裁员比例达40%，目前用于约谈的会议室和附近工位已清空。爆料称，赔偿方案为N+2，被裁员工为研发居多，然而即使留下，除搜索推荐、内容中心等核心部门外，其他没有年终奖。,马蜂窝被曝大裁员，留下员工大多没有年终奖,,30262,618,0,2019-12-12 16:15:04,http://m.toutiao.com/a6769463327094473228/?app=news_article&is_hit_share_recommend=0,思达派,5330276946,思达派是专注创业干货分享的创业科技媒体。,True,2019-12-13 14:42:03,news_tech
QQ 不是最早入局小游戏的流量平台，它的成绩单是入局半年后，接入开发商数量超500家，上线小游戏近3000款，最新日活跃用户达2000万。但 QQ 小游戏有着更为长远的目标，腾讯副总裁梁柱12月11日称，2020年期待月流水过亿的产品。,QQ期待月流水过亿的爆款小游戏，轻量游戏成行业新引擎,,28,0,0,2019-12-12 16:19:26,http://m.toutiao.com/group/6769464455379026446/?app=news_article&is_hit_share_recommend=0,第一财经,5431132532,第一财经 专业创造价值,True,2019-12-13 14:42:03,news_tech
站长之家(ChinaZ.com) 12 月 13 日消息：据日前参与了 OPPO INNO Day 活动闭门沟通会的相关知情人士消息，OPPO Find 旗舰系列的更新未来将更加规律化和常态化。,OPPO Find X2 或于 2020 年 Q1 发布：采用全像素全向对焦技术,,5,1,0,2019-12-13 10:03:18,http://m.toutiao.com/group/6769738610708054541/?app=news_article&is_hit_share_recommend=0,站长之家,3851872836,站长之家您提供新的站长资讯，创业信息，业界动态及行业趋势！,False,2019-12-13 14:42:03,news_tech
12月12日上午，第二届中国科普科幻电影周（展）开幕式在商丘举办。本届中国科普科幻电影周（展）以“科技之光 点亮中国”为主题，共为期5天，设置有开幕式、影片评审、影片展映、电影市场、电影论坛、嘉年华、闭幕式暨颁奖典礼7个活动单元。,机器人大秀超萌舞技 中国科普科幻电影周（展）商丘开幕,,11,0,0,2019-12-12 21:29:17,https://m.toutiaoimg.com/a6769544301190840836/?app=news_article&is_hit_share_recommend=0,豫直播,59062744274,以你之见，直播河南。,True,2019-12-13 14:42:03,news_tech
江西历史悠久，向来以经济繁荣、文化发达著称，享有“物华天宝，人杰地灵”之美誉。2019年12月12日，“江西.选择不凡华为云城市峰会2019”在南昌召开，在千年历史的滕王阁畔，再现了“胜友如云，高朋满座”的盛况。“江西.,云+5G+AI+鲲鹏生态，华为云助推江西各行业智能化升级,,11,0,0,2019-12-13 11:53:06,http://m.toutiao.com/group/6769766907059896840/?app=news_article&is_hit_share_recommend=0,同花顺财经,3475422963,股票金融信息资讯专家 微信号：ths518,True,2019-12-13 14:42:03,news_tech
12月12日消息，苹果公司将在2020年左右上市5G手机iPhone12系列，价格方面会进行调整，但不会大幅上涨。  苹果公司即将于2020年推出的支持5G的iPhone12系列，由于需要支持新一代5G网络，所以配置上将有显著的提升。,苹果5G iPhone价格不会大幅上涨，库克为果粉控制成本？,,70,0,0,2019-12-12 15:36:41,http://m.toutiao.com/a6769453437428957708/?app=news_article&is_hit_share_recommend=0,IT168,3624172865,关注IT168，最新数码科技资讯给你好看,True,2019-12-13 14:42:03,news_tech
微信“原图”被曝出泄露用户信息，真的吗？,我们的隐私又保不住了！微信“原图”泄露用户位置信息？,,24,0,0,2019-12-13 11:55:04,https://m.toutiaoimg.com/a6769566568184545800/?app=news_article&is_hit_share_recommend=0,福建新闻频道,6646545986,中国大陆第一家专业新闻频道。,True,2019-12-13 14:42:03,news_tech
近日，北京市海淀区市场监督管理局对百度运营主体“北京百度网讯科技有限公司”做出行政处罚。因未核对广告内容，发布了内容不符的广告，百度被处以罚款30000元。红星新闻 图处罚决定书显示，“北京百度网讯科技有限公司”主要经营互联网搜索业务，官网为www.baidu.com。,未核对广告内容，发布内容不符广告：百度被罚款30000元,,29,0,0,2019-12-13 11:11:54,http://m.toutiao.com/a6769756289418396164/?app=news_article&is_hit_share_recommend=0,福建新闻广播FM1036,6603804687,FM1036福建新闻广播，一路伴随的有声新媒体。,True,2019-12-13 14:42:03,news_tech
本文为「金十数据」原创文章，未经许可，禁止转载，违者必究。众所周知，凭借垄断世界的技术实力，美国科技巨头在世界赚得盆满钵满，不过它们的好日子在欧洲似乎要到头了。最近，欧盟欲对它们加收3%数字费用，这还没完，日前欧盟再次表达立场，称罚款不够，还将严惩反竞争行为。,4大美企巨头或遭欧盟加大监管！内外交困下，亚马逊重返中国市场,,1334,5,0,2019-12-12 18:38:57,http://m.toutiao.com/a6769500410039239182/?app=news_article&is_hit_share_recommend=0,金十数据,5543660331,金十数据，为交易而生！,True,2019-12-13 14:42:03,news_tech
10月29日下午，中国电信在深圳龙岗友和国际大酒店顺利举办了“5G赋能 创新共赢”2019年中国电信5G创新成果发布暨5G战略合作签约会。会上，深圳市秀时代文化传媒有限公司（以下简称“秀时代”）、深圳市微量科技有限公司以及深圳市简工智能科技有限公司等与中国电信签署战略合作协议。,5G赋能，秀时代与中国电信签署战略合作协议,,2,0,0,2019-12-12 15:54:53,http://m.toutiao.com/group/6769458130179850759/?app=news_article&is_hit_share_recommend=0,牛华网,3339797036,牛华网重点关注全球前沿科技、游戏、电影娱乐及新潮数码。,False,2019-12-13 14:42:03,news_tech
（记者　林铭　通讯员　仓萱）昨日，由仓山区人民政府、福建省电子信息集团、华为软件技术有限公司、中软国际有限公司主办的智能产业高峰论坛暨华为（福州）人工智能孵化中心启动仪式在仓山举行。,仓山区与华为战略牵手，华为（福州）人工智能孵化中心启动,,110,1,0,2019-12-13 11:42:33,http://m.toutiao.com/a6769764188735668739/?app=news_article&is_hit_share_recommend=0,福州晚报,1604925809494156,立德传播 报答天下！福州本土创刊时间最早的市民报,True,2019-12-13 14:42:03,news_tech
据外媒报道，美银证券(Bank of America Securities)本周将苹果股价目标再次上调7%，称5G的国际推广应有助于苹果在未来几年保持2亿多部iPhone的持续销售。,基于对5G iPhone的预测 美银证券上调苹果股价,,84,0,0,2019-12-13 10:02:15,http://m.toutiao.com/group/6769738342041911816/?app=news_article&is_hit_share_recommend=0,cnBeta,5924685662,即时科技资讯站点和网友交流平台。,True,2019-12-13 14:42:03,news_tech
昨天（12月12日），币圈知名人士、波场创始人孙宇晨的微博账号疑似被关闭，其微博内容被清空。页面显示，其账号因被投诉违反法律法规和《微博社区公约》的相关规定，现已无法查看。波场TRON区块链官方微博回应“孙宇晨微博被封号”称，我们与微博有直接的沟通管道，会尽快沟通解决。,孙宇晨微博被封后疑似新号再被封 此前多个币圈账号被屏蔽,,19,0,0,2019-12-13 13:19:37,http://m.toutiao.com/group/6769789204344865288/?app=news_article&is_hit_share_recommend=0,红星新闻,4085395345,成都传媒集团旗下的新媒体平台,True,2019-12-13 14:42:06,news_tech
比亚迪乘用车数据显示，11月比亚迪全系销量总计40750辆，同比下滑17.92%，其中新能源车型10675辆，同比下滑62.86%；燃油车型30075辆，同比增长43.9%。不难看出比亚迪的新能源车型销售持续疲软，不过这并不是比亚迪的个例。,比亚迪11月新能源车销量下滑62.86% 燃油车逆势上扬,,275,0,0,2019-12-12 21:16:43,http://m.toutiao.com/a6769541066442932748/?app=news_article&article_category=automobile&is_hit_share_recommend=0,车威,3145338632,原汽车经理人，更名为车威。  专业有料有观点的汽车点评！,True,2019-12-13 14:42:06,news_tech
苹果公司律师彼得・丹伍德最近已经被任命为Spectral Edge公司董事，苹果也成为了该公司的实际控制人。12月13日消息，苹果公司收购了一家专注于改善智能手机照片拍摄效果的英国创业公司Spectral Edge。,一切为了拍照！苹果收购曾融资500万美元的图像处理创企,,56,1,0,2019-12-13 10:31:45,http://m.toutiao.com/a6769745944301797891/?app=news_article&is_hit_share_recommend=0,镁客网,5543387242,读懂人工智能、VR/AR、机器人、无人驾驶等前沿硬科技,True,2019-12-13 14:42:06,news_tech
"【牢记嘱托 奋勇争先 谱写新时代中原更加出彩的绚丽篇章】“一根线”接力卖全球光山电商自2014年起步开始，发展到现在已有6个年头,先后获得首批国家电子商务进农村综合示范县、2019年国家电子商务进农村“升级版”综合示范县、全国电商扶贫十佳县、全国电商发展特别县、全国电商进农村示范",河南光山县：“一根线”接力卖全球（图）,,2600,15,0,2019-12-13 09:43:11,http://m.toutiao.com/a6769733426326012423/?app=news_article&is_hit_share_recommend=0,信阳微视角,3085927806,融合权威媒体平台，聚焦百姓生活冷暖，关注信阳，宣传信阳。,True,2019-12-13 14:42:06,news_tech
以画图纪录人生的方式，有趣而又简明地给出了答案，让人们从一张图就能轻易看懂他们值得借鉴的人生，实在难得。,一张图读懂乔布斯、盖茨、扎克伯格等牛人的人生轨迹,,600,32,0,2019-12-12 14:23:42,http://m.toutiao.com/a6769434629767168523/?app=news_article&is_hit_share_recommend=0,加米谷大数据,75917343955,加米谷大数据培训，专注于大数据人才培养，分享大数据知识。,False,2019-12-13 14:42:06,news_tech
亿航智能在纳斯达克挂牌上市，成为无人机第一股。提到无人机，很多人首先想到的是大疆，与大疆无人机航拍等应用场景不同的是，亿航智能走上了“城市空中交通”的全新赛道，并成为全球首个发布载人级自动驾驶飞行器的无人机公司。,无人机第一股来了 不是大疆？这家公司未来要带你“打飞的上班”,,3267,7,0,2019-12-13 08:28:44,http://m.toutiao.com/group/6769714240757432840/?app=news_article&is_hit_share_recommend=0,金融界,3815887397,一站式互联网投资理财平台。,True,2019-12-13 14:42:06,news_tech
进入12月，威马用户累计行驶里程已迈入2亿公里，其中，单车最长行驶里程已突破10万公里，相当于为用户节省了近5万元出行成本。从1亿公里到2亿公里，仅历时4个月，威马再次实现用户基数跨越式增长，亿级行驶里程周期环比缩短了53%。,冬季续航“黑科技”发威，威马用户行驶总里程已破2亿公里,,27,0,0,2019-12-13 12:34:32,http://m.toutiao.com/group/6769777585241981448/?app=news_article&article_category=automobile&is_hit_share_recommend=0,EV世纪,6346027376,最专业的新能源汽车垂直媒体。,True,2019-12-13 14:42:06,news_tech
近日，北京市海淀区市场监督管理局对百度运营主体“北京百度网讯科技有限公司”做出行政处罚。因未核对广告内容，发布了内容不符的广告，百度被处以罚款30000元。处罚决定书显示，“北京百度网讯科技有限公司”主要经营互联网搜索业务，官网为www.baidu.com。,百度被罚3万元！因未核对广告内容，发布内容不符,,13,0,0,2019-12-13 11:05:50,http://m.toutiao.com/group/6769754725106582024/?app=news_article&is_hit_share_recommend=0,长沙晚报掌上长沙,6510040185,掌上长沙是长沙晚报报业集团主办，提供长沙新闻生活资讯。,False,2019-12-13 14:42:06,news_tech
12月12日，发改委等7部委印发关于促进“互联网+社会服务”发展的意见。意见指出，以数字化转型扩大社会服务资源供给；以网络化融合实现社会服务均衡普惠；以智能化创新提高社会服务供给质量；以多元化供给激发社会服务市场活力；以协同化举措优化社会服务发展环境。,七部委：面向远程医疗、在线教育等领域，加快5G试点,,777,34,0,2019-12-12 14:35:31,http://m.toutiao.com/group/6769437676757058061/?app=news_article&is_hit_share_recommend=0,第一财经,5431132532,第一财经 专业创造价值,True,2019-12-13 14:42:06,news_tech
本报讯 近日，中国联通制定并形成了公司业务流程与制度优化的一揽子方案并正式实施。,联通优化业务流程健全制度体系,,5,0,0,2019-12-13 13:44:40,http://m.toutiao.com/group/6769795657378038280/?app=news_article&is_hit_share_recommend=0,同花顺财经,3475422963,股票金融信息资讯专家 微信号：ths518,True,2019-12-13 14:42:06,news_tech
在网络互助平台中，轻松筹算是在“老大哥”梯队中站稳了脚跟。其成立于2014年，彼时正是国内网络互助平台的启蒙期，目前盛行的水滴筹等大多数网络互助平台成立时间则在2016年左右。2017年，轻松筹获得2800万美元的C轮融资。 作为保险产品的互补，网络互助颇受争议。,67轻松筹爱心筹款搭售互助产品 频繁骚扰用户写入协议,,1,0,0,2019-12-13 08:53:44,http://m.toutiao.com/group/6769720685116785163/?app=news_article&is_hit_share_recommend=0,中国网,3350881978,中国网，呈现一个真实的中国,True,2019-12-13 14:42:06,news_tech
毫无疑问，AirPods已经成为了苹果目前仅次于iPhone的第二大热销品类了。现在第三方报告显示，AirPods无线耳机的单季度营收，已经达到40亿美元（约合人民币280亿元），与2007年iPod播放器最顶峰时期相当。,仅次于iPhone 苹果畅销产品AirPods单季营收超40亿美元,,6,0,0,2019-12-13 09:18:00,http://m.toutiao.com/group/6769726937502843399/?app=news_article&is_hit_share_recommend=0,金融界,3815887397,一站式互联网投资理财平台。,True,2019-12-13 14:42:06,news_tech
据媒体报道，苹果近日推出iOS 13.3正式版，针对无线充电做出优化，部分无线充电器解除封杀，7.5W模式回归。中投投资咨询预计，2019年我国无线充电行业市场规模将达62亿美元，未来五年年均复合增长率约27.92%。,苹果重新解禁iPhone第三方无线快充,,87,0,0,2019-12-13 07:51:38,http://m.toutiao.com/group/6769704680474804743/?app=news_article&is_hit_share_recommend=0,36氪,3757989448,36氪中国领先的新商业媒体，提供新锐深度的商业报道。,True,2019-12-13 14:42:06,news_tech
12月12日消息，德国柏林今日举办微信海外开发者大赛，来自全球11个国家及地区的30个小程序服务商团队参加大赛。比赛现场，微信团队公布的最新数据显示，2019年微信支付在境外合规的国家和地区覆盖量增加至60个，支持16种不同货币直接结算；另外，微信小程序在欧洲地区的访问量翻倍。,微信团队：2019年微信支付覆盖境外60个国家和地区,,57,0,0,2019-12-12 16:02:03,http://m.toutiao.com/group/6769459976713798152/?app=news_article&is_hit_share_recommend=0,同花顺财经,3475422963,股票金融信息资讯专家 微信号：ths518,True,2019-12-13 14:42:06,news_tech
华为MatePad Pro华为在上个月末推出了华为MatePad Pro，试图唤醒平板电脑市场。 MatePad Pro不仅配备了麒麟990芯片组，而且还配备了5G版本。在美学方面，这款平板电脑具有出色的外观。MatePad Pro现在已经在中国首次发售。,注意：搭载麒麟990处理器的华为MatePad Pro平板电脑开始发售,,55,0,0,2019-12-13 07:38:01,http://m.toutiao.com/a6769701173604647435/?app=news_article&is_hit_share_recommend=0,万物云联网,58798318121,"物联网,大数据,云计算,工业互联网,5G等方案产品和使能技术",False,2019-12-13 14:42:06,news_tech
【猎云网北京】12月12日报道12月10日，2019年度CEO峰会暨猎云网创投颁奖盛典在北京望京凯悦酒店隆重举行，近百位知名资本大咖，独角兽创始人、创业风云人物及近千位投资人与创业者共聚“新势力・2019年度CEO峰会暨猎云网创投颁奖盛典”。,芳晟基金合伙人方芳：资本寒冬下，创业者要关注团队打硬仗的能力才能跨越周期,,16236,21,0,2019-12-12 14:03:00,http://m.toutiao.com/group/6769429296881598983/?app=news_article&is_hit_share_recommend=0,猎云网,3624705480,猎云网聚焦TMT领域创业创新报道，嫁接创业者与VC的桥梁。,True,2019-12-13 14:42:06,news_tech
“未来3年，智能音箱市场增量将主要来自有屏音箱。”12月12日，小度新品发布媒体沟通会现场，百度副总裁、百度智能生活事业群组总经理景鲲分享智能音箱行业发展趋势，百度旗下人工智能品牌小度再次迎来一位家族新成员――小度在家智能屏X8。,智能屏打造完善内容服务生态 突破家庭教育场景边界,,23,0,0,2019-12-12 21:58:07,http://m.toutiao.com/group/6769551734512550414/?app=news_article&is_hit_share_recommend=0,环球网,5954781019,环球资讯 全球动态 让你的头条更精彩,True,2019-12-13 14:42:06,news_tech
科学育儿知识是中国母婴、育儿人群的刚需，但随着中国互联网信息爆炸式增长，严重的内容过载让用户很难从线索直链答案。,背靠百度移动生态，超级母婴平台“宝宝知道”沉淀9200万专业问答,,25,1,0,2019-12-12 17:50:59,http://m.toutiao.com/group/6769488050134188557/?app=news_article&is_hit_share_recommend=0,砍柴网,3147801619,砍柴网（www.ikanchai.com）全球视野 新锐媒体,False,2019-12-13 14:42:06,news_tech
原标题：三星将向西安芯片工厂再投80亿美元押宝中国5G 据国外媒体报道，三星电子将对其中国西安芯片工厂增加80亿美元的投资，以促进NAND闪存芯片的生产。这是三星西安闪存芯片项目的二期第二阶段投资，此前108亿美元为一期投资。,三星将向西安芯片工厂再投80亿美元 押宝中国5G,,26,0,0,2019-12-13 13:14:08,http://m.toutiao.com/group/6769787788205228558/?app=news_article&is_hit_share_recommend=0,同花顺财经,3475422963,股票金融信息资讯专家 微信号：ths518,True,2019-12-13 14:42:06,news_tech
苹果手机推出新功能，名为“父母控制”，到底好还是坏？wmz,苹果手机推出新功能，名为“父母控制”，到底好还是坏？,,3,0,0,2019-12-13 13:27:23,https://m.toutiaoimg.com/group/6769712100458627592/?app=news_article&is_hit_share_recommend=0,看看新闻,5839829632,感受叩击时代的力量！,True,2019-12-13 14:42:06,news_tech
